Jurisdiction,County,Council of Government,5th Cycle Housing Element Projection Period,5th Cycle Housing Element Planning Period,Current Compliance Status,Conditional Compliance?,Conditional Compliance Due date,Conditional Compliance Date Cleared,Planning Period Duration,"If 8 Year, is a 4 Year Update Required?",SB 2 Emergency Shelter Zoning Completed?,1233 Program Included?,Unit shortfall,Rezone acres,Complete? ,Current Rezone Program Included?,Unit shortfall,Rezone acres,Complete? ,Charter City?,2013,2014,2015,2016,2017,2018
ADELANTO,San Bernardino County,SCAG,01/01/2014-10/31/2021,10/15/2013 - 10/15/2021,in,,,,8 Year,,Yes     ,No     ,,,,No     ,,,,Yes,No,No,No,No,No,No
AGOURA HILLS,Los Angeles County,SCAG,01/01/2014-10/31/2021,10/15/2013 - 10/15/2021,in,,,,8 Year,,Yes     ,No     ,,,,No     ,,,,,No,Yes,Yes,Yes,Yes,Yes
ALAMEDA,Alameda County,ABAG,01/01/2014-10/31/2022,01/31/2015 - 01/31/2023,in,,,,8 Year,,Yes     ,No     ,,,,No     ,,,,Yes,Yes,Yes,Yes,Yes,Yes,Yes
ALAMEDA COUNTY,Alameda County,ABAG,01/01/2014-10/31/2022,01/31/2015 - 01/31/2023,in,,,,8 Year,,Yes     ,No     ,,,,No     ,,,,,Yes,Yes,Yes,Yes,Yes,Yes
ALBANY,Alameda County,ABAG,01/01/2014-10/31/2022,01/31/2015 - 01/31/2023,in,,,,8 Year,,Yes     ,No     ,,,,No     ,,,,Yes,No,No,No,Yes,Yes,Yes
ALHAMBRA,Los Angeles County,SCAG,01/01/2014-10/31/2021,10/15/2013 - 10/15/2021,in,,,,8 Year,,Yes     ,No     ,,,,No     ,,,,Yes,Yes,Yes,Yes,Yes,Yes,Yes
ALISO VIEJO,Orange County,SCAG,01/01/2014-10/31/2021,10/15/2013 - 10/15/2021,in,Yes,10/15/14,10/1/14,8 Year,,Yes       ,Yes     ,274,,Yes,No     ,,,,,Yes,Yes,Yes,Yes,Yes,Yes
ALPINE COUNTY,Alpine County,,01/01/2014-06/30/2019,06/30/2014 - 06/30/2019,in,,,,5 Year,,Yes,No     ,,,,No,,,,,No,Yes,Yes,Yes,Yes,Yes
ALTURAS,Modoc County,,01/01/2014-06/30/2019,06/30/2014 - 06/30/2019,out (due),,,,5 Year,,Unknown,Unknown   ,,,,Unknown,,,,,No,No,No,No,No,No
AMADOR City,Amador County,,01/01/2014-06/30/2019,06/30/2014 - 06/30/2019,out (due),,,,5 Year,,Unknown,Unknown   ,,,,Unknown,,,,,No,No,No,No,No,No
AMADOR COUNTY,Amador County,,01/01/2014-06/30/2019,06/30/2014 - 06/30/2019,in,,,,5 Year,,Yes     ,No     ,,,,No     ,,,,,No,No,No,No,Yes,Yes
AMERICAN CANYON,Napa County,ABAG,01/01/2014-10/31/2022,01/31/2015 - 01/31/2023,in,,,,8 Year,,Yes     ,No     ,,,,No     ,,,,,No,No,Yes,Yes,Yes,Yes
ANAHEIM,Orange County,SCAG,01/01/2014-10/31/2021,10/15/2013 - 10/15/2021,in,,,,8 Year,,Yes     ,No     ,,,,No     ,,,,Yes,Yes,Yes,Yes,Yes,Yes,Yes
ANDERSON,Shasta County,,01/01/2014-06/30/2019,06/30/2014 - 06/30/2019,in,,,,5 Year,,Yes     ,No     ,,,,No     ,,,,,Yes,No,Yes,Yes,Yes,Yes
ANGELS CAMP,Calaveras County,,01/01/2014-06/30/2019,06/30/2014 - 06/30/2019,in,,,,5 Year,,Yes     ,No     ,,,,No     ,,,,,No,No,No,No,No,Yes
ANTIOCH,Contra Costa County,ABAG,01/01/2014-10/31/2022,01/31/2015 - 01/31/2023,in,,,,8 Year,,Yes     ,No     ,,,,No     ,,,,,No,Yes,Yes,Yes,Yes,Yes
APPLE VALLEY,San Bernardino County,SCAG,01/01/2014-10/31/2021,10/15/2013 - 10/15/2021,in,,,,8 Year,,Yes     ,No     ,,,,No     ,,,,,Yes,No,Yes,Yes,Yes,Yes
ARCADIA,Los Angeles County,SCAG,01/01/2014-10/31/2021,10/15/2013 - 10/15/2021,in,,,,8 Year,,Yes     ,No     ,,,,No     ,,,,Yes,No,No,No,No,Yes,Yes
ARCATA,Humboldt County,Humboldt County Association of Governments,01/01/2014-06/30/2019,06/30/2014 - 06/30/2019,in,,,,5 Year,,Yes     ,No     ,,,,No     ,,,,,Yes,Yes,Yes,Yes,Yes,Yes
ARROYO GRANDE,San Luis Obispo County,SLOCOG,01/01/2014-06/30/2019,06/30/2014 - 06/30/2019,in,,,,5 Year,,Yes     ,No     ,,,,No     ,,,,,No,No,No,No,Yes,Yes
ARTESIA,Los Angeles County,SCAG,01/01/2014-10/31/2021,10/15/2013 - 10/15/2021,in - conditional,Yes,10/15/14,,8 Year,,Yes     ,Yes     ,27,,No,Yes    ,49,,No,,Yes,Yes,Yes,Yes,Yes,Yes
ARVIN,Kern County,KernCOG,01/01/2013-12/31/2023,12/31/2015 - 12/31/2023,in,,,,8 Year,,Yes     ,Yes     ,269,,Yes,No     ,,,,,Yes,Yes,Yes,Yes,Yes,Yes
ATASCADERO,San Luis Obispo County,SLOCOG,01/01/2014-06/30/2019,06/30/2014 - 06/30/2019,in,,,,5 Year,,Yes     ,No     ,,,,No     ,,,,,Yes,Yes,Yes,Yes,Yes,Yes
ATHERTON,San Mateo County,ABAG,01/01/2014-10/31/2022,01/31/2015 - 01/31/2023,in,,,,8 Year,,Yes     ,No     ,,,,No     ,,,,,Yes,Yes,Yes,Yes,Yes,Yes
ATWATER,Merced County,Merced County Association of Governments,01/01/2014-12/31/2023,03/31/2016 - 03/31/2024,out (adopted),,,,8 Year,,No (Program),Yes     ,19,10.1,No,Yes,155,10.1,No,,No,Yes,Yes,Yes,Yes,Yes
AUBURN,Placer County,SACOG,01/01/2013-10/31/2021,10/31/2013 - 10/31/2021,in,,,,8 Year,,Yes     ,No     ,,,,No     ,,,,,Yes,Yes,Yes,Yes,Yes,Yes
AVALON,Los Angeles County,SCAG,01/01/2014-10/31/2021,10/15/2013 - 10/15/2021,in,,,,8 Year,,Yes     ,No     ,,,,No     ,,,,,Yes,Yes,Yes,Yes,Yes,Yes
AVENAL,Kings County,Kings County Association of Governments,01/01/2014-12/31/2023,01/31/2016 - 01/31/2024,in,,,,8 Year,,Yes     ,No     ,,,,No     ,,,,,Yes,Yes,No,No,Yes,Yes
AZUSA,Los Angeles County,SCAG,01/01/2014-10/31/2021,10/15/2013 - 10/15/2021,in,,,,8 Year,,Yes      ,No     ,,,,No     ,,,,,Yes,Yes,Yes,Yes,Yes,Yes
BAKERSFIELD,Kern County,KernCOG,01/01/2013-12/31/2023,12/31/2015 - 12/31/2023,in,,,,8 Year,,Yes     ,No     ,,,,No     ,,,,Yes,No,No,No,No,Yes,Yes
BALDWIN PARK,Los Angeles County,SCAG,01/01/2014-10/31/2021,10/15/2013 - 10/15/2021,in,,,,8 Year,,Yes     ,No     ,,,,No     ,,,,,Yes,Yes,Yes,Yes,Yes,Yes
BANNING,Riverside County,SCAG,01/01/2014-10/31/2021,10/15/2013 - 10/15/2021,in,,,,8 year,,Yes     ,No     ,,,,No     ,,,,,Yes,Yes,Yes,Yes,Yes,Yes
BARSTOW,San Bernardino County,SCAG,01/01/2014-10/31/2021,10/15/2013 - 10/15/2021,in,,,,8 year,Yes,Yes     ,No     ,,,,No     ,,,,,No,No,No,Yes,Yes,Yes
BEAUMONT,Riverside County,SCAG,01/01/2014-10/31/2021,10/15/2013 - 10/15/2021,in,,,,8 Year,,Yes     ,No     ,,,,No     ,,,,,No,No,No,No,Yes,Yes
BELL,Los Angeles County,SCAG,01/01/2014-10/31/2021,10/15/2013 - 10/15/2021,out (draft),,,,8 year,Yes,Yes,Yes,18,,,Yes,7,,,Yes,Yes,Yes,Yes,Yes,Yes,No
BELL GARDENS,Los Angeles County,SCAG,01/01/2014-10/31/2021,10/15/2013 - 10/15/2021,in,,,,8 Year,,Yes     ,No     ,,,,No     ,,,,,Yes,Yes,Yes,Yes,Yes,No
BELLFLOWER,Los Angeles County,SCAG,01/01/2014-10/31/2021,10/15/2013 - 10/15/2021,in,,,,8 Year,,Yes     ,No     ,,,,No     ,,,,,Yes,Yes,Yes,Yes,Yes,Yes
BELMONT,San Mateo County,ABAG,01/01/2014-10/31/2022,01/31/2015 - 01/31/2023,in,,,,8 Year,,Yes     ,No     ,,,,No     ,,,,,Yes,Yes,Yes,Yes,Yes,Yes
BELVEDERE,Marin County,ABAG,01/01/2014-10/31/2022,01/31/2015 - 01/31/2023,in,,,,8 Year,,Yes     ,No     ,,,,No     ,,,,,Yes,Yes,Yes,Yes,Yes,Yes
BENICIA,Solano County,ABAG,01/01/2014-10/31/2022,01/31/2015 - 01/31/2023,in,,,,8 Year,,Yes     ,No     ,,,,No     ,,,,,Yes,Yes,Yes,Yes,Yes,Yes
BERKELEY,Alameda County,ABAG,01/01/2014-10/31/2022,01/31/2015 - 01/31/2023,in,,,,8 Year,,Yes     ,No     ,,,,No     ,,,,Yes,Yes,Yes,Yes,Yes,Yes,Yes
BEVERLY HILLS,Los Angeles County,SCAG,01/01/2014-10/31/2021,10/15/2013 - 10/15/2021,in,,,,8 Year,,Yes     ,No     ,,,,No     ,,,,,Yes,Yes,Yes,Yes,Yes,Yes
BIG BEAR LAKE,San Bernardino County,SCAG,01/01/2014-10/31/2021,10/15/2013 - 10/15/2021,in,,,,8 Year,,Yes     ,No     ,,,,No     ,,,,Yes,No,No,No,No,Yes,Yes
BIGGS,Butte County,Butte County Association of Governments,01/01/2014-06/15/2022,06/15/2014 - 06/15/2022,in,,,,8 Year,,Yes     ,No     ,,,,No     ,,,,,Yes,Yes,Yes,No,Yes,Yes
BISHOP,Inyo County,,01/01/2014-06/30/2019,06/30/2014 - 06/30/2019,in,,,,5 Year,,Yes     ,No     ,,,,No     ,,,,,No,Yes,Yes,Yes,Yes,Yes
BLUE LAKE,Humboldt County,Humboldt County Association of Governments,01/01/2014-06/30/2019,06/30/2014 - 06/30/2019,out (draft),,,,5 Year,,TBD,TBD,,,,TBD,,,,,No,No,No,No,No,No
BLYTHE,Riverside County,SCAG,01/01/2014-10/31/2021,10/15/2013 - 10/15/2021,in,,,,8 Year,,Yes     ,No     ,,,,No     ,,,,,No,No,No,No,No,No
BRADBURY,Los Angeles County,SCAG,01/01/2014-10/31/2021,10/15/2013 - 10/15/2021,out (draft),,,,8 year,Yes,Yes,No     ,,,,No     ,,,,,No,No,No,No,No,No
BRAWLEY,Imperial County,SCAG,01/01/2014-10/31/2021,10/15/2013 - 10/15/2021,in,,,,8 Year,,Yes     ,No     ,,,,No     ,,,,,Yes,Yes,Yes,Yes,Yes,Yes
BREA,Orange County,SCAG,01/01/2014-10/31/2021,10/15/2013 - 10/15/2021,in,,,,8 Year,,Yes     ,No     ,,,,No     ,,,,,Yes,Yes,Yes,Yes,Yes,Yes
BRENTWOOD,Contra Costa County,ABAG,01/01/2014-10/31/2022,01/31/2015 - 01/31/2023,in,,,,8 Year,,Yes     ,No     ,,,,No     ,,,,,No,Yes,Yes,Yes,Yes,Yes
BRISBANE,San Mateo County,ABAG,01/01/2014-10/31/2022,01/31/2015 - 01/31/2023,in,Yes,1/31/16,5/21/18,8 Year,,Yes     ,Yes      ,32,,Yes,Yes        ,143,,Yes,,Yes,Yes,Yes,Yes,Yes,Yes
BUELLTON,Santa Barbara County,Santa Barbara Council of Governments,01/01/2014-09/30/2022,02/15/2015 - 02/15/2023,in,,,,8 Year,,Yes     ,No     ,,,,No     ,,,,,No,Yes,Yes,Yes,Yes,Yes
BUENA PARK,Orange County,SCAG,01/01/2014-10/31/2021,10/15/2013 - 10/15/2021,in,,,,8 Year,,Yes     ,No     ,,,,No     ,,,,Yes,Yes,Yes,Yes,Yes,Yes,Yes
BURBANK,Los Angeles County,SCAG,01/01/2014-10/31/2021,10/15/2013 - 10/15/2021,in,,,,8 Year,,Yes     ,No     ,,,,No     ,,,,Yes,No,Yes,Yes,Yes,Yes,Yes
BURLINGAME,San Mateo County,ABAG,01/01/2014-10/31/2022,01/31/2015 - 01/31/2023,in,,,,8 Year,,Yes     ,No     ,,,,No     ,,,,,No,Yes,Yes,Yes,Yes,Yes
BUTTE COUNTY,Butte County,Butte County Association of Governments,01/01/2014-06/15/2022,06/15/2014 - 06/15/2022,in,Yes,6/15/15,6/19/15,8 Year,,Yes     ,Yes     ,191,13,Yes,No     ,,,,,No,No,No,Yes,Yes,Yes
CALABASAS,Los Angeles County,SCAG,01/01/2014-10/31/2021,10/15/2013 - 10/15/2021,in,,,,8 Year,,Yes     ,No     ,,,,No     ,,,,,Yes,Yes,Yes,Yes,Yes,Yes
CALAVERAS COUNTY,Calaveras County,,01/01/2014-06/30/2019,06/30/2014 - 06/30/2019,in,,,,5 Year,,Yes     ,No     ,,,,No     ,,,,,No,Yes,Yes,Yes,Yes,Yes
CALEXICO,Imperial County,SCAG,01/01/2014-10/31/2021,10/15/2013 - 10/15/2021,in,,,,8 Year,,Yes     ,No     ,,,,No     ,,,,,Yes,Yes,Yes,Yes,Yes,Yes
CALIFORNIA CITY,Kern County,KernCOG,01/01/2013-12/31/2023,12/31/2015 - 12/31/2023,in,,,,8 Year,,Yes     ,No     ,,,,No     ,,,,,No,No,No,No,No,No
CALIMESA,Riverside County,SCAG,01/01/2014-10/31/2021,10/15/2013 - 10/15/2021,in,,,,8 Year,,Yes     ,No     ,,,,No     ,,,,,No,Yes,Yes,Yes,Yes,Yes
CALIPATRIA,Imperial County,SCAG,01/01/2014-10/31/2021,10/15/2013 - 10/15/2021,in,,,,8 year,Yes,Yes     ,No     ,,,,No     ,,,,,No,No,No,No,Yes,No
CALISTOGA,Napa County,ABAG,01/01/2014-10/31/2022,01/31/2015 - 01/31/2023,in,,,,8 Year,,Yes     ,No     ,,,,No     ,,,,,Yes,Yes,Yes,Yes,Yes,Yes
CAMARILLO,Ventura County,SCAG,01/01/2014-10/31/2021,10/15/2013 - 10/15/2021,in,,,,8 Year,,Yes     ,No     ,,,,No     ,,,,,No,Yes,Yes,Yes,Yes,Yes
CAMPBELL,Santa Clara County,ABAG,01/01/2014-10/31/2022,01/31/2015 - 01/31/2023,in,,,,8 Year,,Yes     ,No     ,,,,No     ,,,,,Yes,Yes,Yes,Yes,Yes,Yes
CANYON LAKE,Riverside County,SCAG,01/01/2014-10/31/2021,10/15/2013 - 10/15/2021,out (due),,,,8 year,Yes,Unknown,Unknown   ,,,,Unknown,,,,,No,Yes,Yes,Yes,Yes,Yes
CAPITOLA,Santa Cruz County,AMBAG,01/01/2014-12/31/2023,12/31/2015 - 12/31/2023,in,,,,8 Year,,Yes     ,No     ,,,,No     ,,,,,Yes,Yes,Yes,Yes,Yes,Yes
CARLSBAD,San Diego County,SANDAG,01/01/2010-12/31/2020,04/30/2013 - 04/30/2021,in,,,,8 year,Yes,Yes     ,No     ,,,,No     ,,,,Yes,Yes,Yes,Yes,Yes,Yes,Yes
CARMEL,Monterey County,AMBAG,01/01/2014-12/31/2023,12/31/2015 - 12/31/2023,in,,,,8 Year,,Yes     ,No     ,,,,No     ,,,,,No,No,No,No,No,Yes
CARPINTERIA,Santa Barbara County,Santa Barbara Council of Governments,01/01/2014-09/30/2022,02/15/2015 - 02/15/2023,in,,,,8 Year,,Yes     ,No     ,,,,No     ,,,,,Yes,Yes,Yes,Yes,Yes,Yes
CARSON,Los Angeles County,SCAG,01/01/2014-10/31/2021,10/15/2013 - 10/15/2021,in,,,,8 Year,,Yes     ,No     ,,,,No     ,,,,,Yes,Yes,Yes,Yes,Yes,Yes
CATHEDRAL,Riverside County,SCAG,01/01/2014-10/31/2021,10/15/2013 - 10/15/2021,in,,,,8 year,,Yes     ,No     ,,,,No     ,,,,,Yes,Yes,Yes,Yes,Yes,No
CERES,Stanislaus County,Stanislaus Council of Governments ,01/01/2014-09/30/2023,12/31/2015 - 12/31/2023,in,,,,8 Year,,Yes     ,No     ,,,,No     ,,,,,No,No,No,Yes,Yes,Yes
CERRITOS,Los Angeles County,SCAG,01/01/2014-10/31/2021,10/15/2013 - 10/15/2021,in,,,,8 Year,,Yes     ,No     ,,,,No     ,,,,Yes,Yes,Yes,Yes,Yes,Yes,Yes
CHICO,Butte County,Butte County Association of Governments,01/01/2014-06/15/2022,06/15/2014 - 06/15/2022,in,,,,8 Year,,Yes     ,No     ,,,,No     ,,,,Yes,Yes,Yes,Yes,Yes,Yes,Yes
CHINO,San Bernardino County,SCAG,01/01/2014-10/31/2021,10/15/2013 - 10/15/2021,in,,,,8 Year,,Yes     ,No     ,,,,No     ,,,,,Yes,Yes,Yes,Yes,Yes,Yes
CHINO HILLS,San Bernardino County,SCAG,01/01/2014-10/31/2021,10/15/2013 - 10/15/2021,in,Yes,10/15/14,4/26/18,8 Year,,Yes     ,Yes     ,415,,Yes,Yes     ,365,,Yes,,Yes,Yes,Yes,Yes,Yes,Yes
CHOWCHILLA,Madera County,Madera County Transportation Commission,01/01/2014-12/31/2023,01/31/2016 - 01/31/2024,in,,,,8 year,Yes,Yes,No     ,,,,No     ,,,,,No,No,No,No,No,Yes
CHULA VISTA,San Diego County,SANDAG,01/01/2010-12/31/2020,04/30/2013 - 04/30/2021,in,,,,8 Year,,Yes,No     ,,,,No     ,,,,Yes,Yes,Yes,Yes,Yes,Yes,Yes
CITRUS HEIGHTS,Sacramento County,SACOG,01/01/2013-10/31/2021,10/31/2013 - 10/31/2021,in,,,,8 Year,,Yes     ,No     ,,,,No     ,,,,,Yes,Yes,Yes,Yes,Yes,Yes
CLAREMONT,Los Angeles County,SCAG,01/01/2014-10/31/2021,10/15/2013 - 10/15/2021,out (draft),,,,8 year,Yes,Yes     ,No,,,,Yes,157,7,Yes,,No,No,No,No,Yes,Yes
CLAYTON,Contra Costa County,ABAG,01/01/2014-10/31/2022,01/31/2015 - 01/31/2023,in,,,,8 Year,,Yes     ,No     ,,,,No     ,,,,,Yes,Yes,Yes,Yes,Yes,Yes
CLEARLAKE,Lake County,Lake County Areawide Planning Council,01/01/2014-06/30/2019,06/30/2014 - 06/30/2019,in,,,,5 Year,,Yes     ,No     ,,,,No     ,,,,,No,No,Yes,Yes,Yes,Yes
CLOVERDALE,Sonoma County,ABAG,01/01/2014-10/31/2022,01/31/2015 - 01/31/2023,in,,,,8 Year,,Yes     ,No     ,,,,No     ,,,,,No,Yes,Yes,Yes,Yes,Yes
CLOVIS,Fresno County,Council of Fresno County Governments,01/01/2013-12/31/2023,12/31/2015 - 12/31/2023,in,Yes,12/31/16,3/25/19,8 Year,,Yes     ,Yes     ,"4,425",221,Yes,No,,,,,Yes,No,Yes,Yes,Yes,Yes
COACHELLA,Riverside County,SCAG,01/01/2014-10/31/2021,10/15/2013 - 10/15/2021,in - conditional,Yes,10/15/14,,8 Year,,Yes     ,Yes     ,1916,,No,Yes     ,2542,,No,,Yes,Yes,Yes,Yes,Yes,Yes
COALINGA,Fresno County,Council of Fresno County Governments,01/01/2013-12/31/2023,12/31/2015 - 12/31/2023,in,,,,8 Year,,Yes     ,No     ,,,,No     ,,,,,Yes,Yes,Yes,Yes,Yes,Yes
COLFAX,Placer County,SACOG,01/01/2013-10/31/2021,10/31/2013 - 10/31/2021,in,,,,8 Year,,Yes     ,No     ,,,,No     ,,,,,Yes,No,No,No,Yes,Yes
COLMA,San Mateo County,ABAG,01/01/2014-10/31/2022,01/31/2015 - 01/31/2023,in,,,,8 Year,,Yes     ,No     ,,,,No     ,,,,,Yes,Yes,Yes,Yes,Yes,Yes
COLTON,San Bernardino County,SCAG,01/01/2014-10/31/2021,10/15/2013 - 10/15/2021,in,,,,8 Year,,Yes     ,No     ,,,,No     ,,,,,Yes,Yes,Yes,Yes,Yes,Yes
COLUSA,Colusa County,,01/01/2014-06/30/2019,06/30/2014 - 06/30/2019,in,,,,5 Year,,Yes     ,No     ,,,,No     ,,,,,No,No,No,No,No,No
COLUSA COUNTY,Colusa County,,01/01/2014-06/30/2019,06/30/2014 - 06/30/2019,in,,,,5 Year,,Yes     ,No     ,,,,No     ,,,,,No,Yes,Yes,Yes,Yes,Yes
COMMERCE,Los Angeles County,SCAG,01/01/2014-10/31/2021,10/15/2013 - 10/15/2021,in,,,,8 Year,,Yes     ,No     ,,,,No     ,,,,,No,No,No,No,No,No
COMPTON,Los Angeles County,SCAG,01/01/2014-10/31/2021,10/15/2013 - 10/15/2021,out (draft),,,,8 year,Yes,No (Program),No,,,,No,,,,Yes,No,No,No,No,No,No
CONCORD,Contra Costa County,ABAG,01/01/2014-10/31/2022,01/31/2015 - 01/31/2023,in,,,,8 Year,,Yes     ,No     ,,,,No     ,,,,,Yes,Yes,Yes,Yes,Yes,Yes
CONTRA COSTA COUNTY,Contra Costa County,ABAG,01/01/2014-10/31/2022,01/31/2015 - 01/31/2023,in,,,,8 Year,,Yes     ,No     ,,,,No     ,,,,,Yes,Yes,Yes,Yes,Yes,Yes
CORCORAN,Kings County,Kings County Association of Governments,01/01/2014-12/31/2023,01/31/2016 - 01/31/2024,in,,,,8 Year,,Yes     ,No     ,,,,No     ,,,,,Yes,Yes,No,No,No,No
CORNING,Tehama County,,01/01/2014-06/30/2019,06/30/2014 - 06/30/2019,in,,,,5 Year,,Yes,No,,,,No,,,,,No,No,No,No,No,Yes
CORONA,Riverside County,SCAG,01/01/2014-10/31/2021,10/15/2013 - 10/15/2021,in,,,,8 Year,,Yes     ,No     ,,,,No     ,,,,,Yes,Yes,Yes,Yes,Yes,Yes
CORONADO,San Diego County,SANDAG,01/01/2010-12/31/2020,04/30/2013 - 04/30/2021,in,,,,8 Year,,Yes     ,No     ,,,,No     ,,,,,Yes,Yes,Yes,Yes,Yes,Yes
CORTE MADERA,Marin County,ABAG,01/01/2014-10/31/2022,01/31/2015 - 01/31/2023,in,,,,8 Year,,Yes     ,No     ,,,,No     ,,,,,Yes,Yes,Yes,Yes,Yes,Yes
COSTA MESA,Orange County,SCAG,01/01/2014-10/31/2021,10/15/2013 - 10/15/2021,in,,,,8 Year,,Yes     ,No     ,,,,No     ,,,,,Yes,Yes,Yes,Yes,Yes,Yes
COTATI,Sonoma County,ABAG,01/01/2014-10/31/2022,01/31/2015 - 01/31/2023,in,,,,8 Year,,Yes     ,No     ,,,,No     ,,,,,No,No,No,Yes,Yes,Yes
COVINA,Los Angeles County,SCAG,01/01/2014-10/31/2021,10/15/2013 - 10/15/2021,out (due),,,,8 year,Yes,Unknown,Unknown   ,,,,Unknown,,,,,No,No,No,No,No,Yes
CRESCENT CITY,Del Norte County,,01/01/2014-06/30/2019,06/30/2014 - 06/30/2019,in,,,,5 Year,,Yes     ,No     ,,,,No     ,,,,,No,No,No,No,No,No
CUDAHY,Los Angeles County,SCAG,01/01/2014-10/31/2021,10/15/2013 - 10/15/2021,in,,,,8 Year,,Yes     ,Yes     ,154,,Yes,Yes,126,,Yes,,No,Yes,No,Yes,No,No
CULVER CITY,Los Angeles County,SCAG,01/01/2014-10/31/2021,10/15/2013 - 10/15/2021,in,,,,8 Year,,Yes     ,No     ,,,,No     ,,,,Yes,No,No,No,No,Yes,Yes
CUPERTINO,Santa Clara County,ABAG,01/01/2014-10/31/2022,01/31/2015 - 01/31/2023,in,,,,8 Year,,Yes     ,No     ,,,,No     ,,,,,Yes,Yes,Yes,Yes,Yes,Yes
CYPRESS,Orange County,SCAG,01/01/2014-10/31/2021,10/15/2013 - 10/15/2021,in,,,,8 Year,,Yes     ,No     ,,,,No     ,,,,Yes,No,Yes,Yes,Yes,Yes,Yes
DALY CITY,San Mateo County,ABAG,01/01/2014-10/31/2022,01/31/2015 - 01/31/2023,in,,,,8 Year,,Yes     ,No     ,,,,No     ,,,,,Yes,Yes,Yes,Yes,Yes,Yes
DANA POINT,Orange County,SCAG,01/01/2014-10/31/2021,10/15/2013 - 10/15/2021,in,,,,8 Year,,Yes     ,No     ,,,,No     ,,,,,Yes,Yes,Yes,Yes,Yes,Yes
DANVILLE,Contra Costa County,ABAG,01/01/2014-10/31/2022,01/31/2015 - 01/31/2023,in,,,,8 Year,,Yes     ,No     ,,,,No     ,,,,,No,No,Yes,Yes,Yes,Yes
DAVIS,Yolo County,SACOG,01/01/2013-10/31/2021,10/31/2013 - 10/31/2021,in,,,,8 Year,,Yes     ,No     ,,,,No     ,,,,,Yes,Yes,Yes,Yes,Yes,Yes
DEL MAR,San Diego County,SANDAG,01/01/2010-12/31/2020,04/30/2013 - 04/30/2021,in,,,,8 Year,,No (Program),No     ,10,,No,Yes     ,12,,No,Yes,Yes,Yes,Yes,Yes,Yes,Yes
DEL NORTE COUNTY,Del Norte County,,01/01/2014-06/30/2019,06/30/2014 - 06/30/2019,in,,,,5 Year,,Yes     ,No     ,,,,No     ,,,,,Yes,Yes,Yes,Yes,Yes,Yes
DEL REY OAKS,Monterey County,AMBAG,01/01/2014-12/31/2023,12/31/2015 - 12/31/2023,out (due),,,,8 year,Yes,Unknown,Unknown   ,,,,Unknown,,,,,No,No,No,No,No,Yes
DELANO,Kern County,KernCOG,01/01/2013-12/31/2023,12/31/2015 - 12/31/2023,in,Yes,12/31/16,9/13/18,8 Year,,Yes     ,Yes     ,528,~40,Yes,No      ,,,,,Yes,Yes,Yes,Yes,Yes,Yes
DESERT HOT SPRINGS,Riverside County,SCAG,01/01/2014-10/31/2021,10/15/2013 - 10/15/2021,out (draft),,,,8 year,Yes,Yes,Yes,3080,,No,Yes,946,,No,Yes,No,No,No,No,Yes,Yes
DIAMOND BAR,Los Angeles County,SCAG,01/01/2014-10/31/2021,10/15/2013 - 10/15/2021,in,,,,8 Year,,Yes     ,No     ,,,,No     ,,,,,Yes,Yes,Yes,Yes,Yes,Yes
DINUBA,Tulare County,Tulare County Association of Governments,01/01/2014-09/30/2023,12/31/2015 - 12/31/2023,in,,,,8 Year,,Yes     ,No     ,,,,No     ,,,,Yes,Yes,Yes,Yes,Yes,Yes,Yes
DIXON,Solano County,ABAG,01/01/2014-10/31/2022,01/31/2015 - 01/31/2023,in,Yes,1/31/16,6/29/16,8 Year,,Yes     ,Yes     ,16,10.7,Yes,No     ,,,,,No,No,Yes,Yes,Yes,Yes
DORRIS,Siskiyou County,,01/01/2014-06/30/2019,06/30/2014 - 06/30/2019,in,,,,5 Year,,Yes     ,No     ,,,,No     ,,,,,No,Yes,Yes,No,Yes,Yes
DOS PALOS,Merced County,Merced County Association of Governments,01/01/2014-12/31/2023,03/31/2016 - 03/31/2024,out (due),,,,8 year,Yes,Unknown,Unknown   ,,,,Unknown,,,,,No,No,No,No,No,No
DOWNEY,Los Angeles County,SCAG,01/01/2014-10/31/2021,10/15/2013 - 10/15/2021,in,,,,8 Year,,Yes     ,No     ,,,,No     ,,,,Yes,No,Yes,Yes,Yes,Yes,Yes
DUARTE,Los Angeles County,SCAG,01/01/2014-10/31/2021,10/15/2013 - 10/15/2021,in,,,,8 Year,,Yes     ,No     ,,,,No     ,,,,,Yes,Yes,Yes,Yes,Yes,Yes
DUBLIN,Alameda County,ABAG,01/01/2014-10/31/2022,01/31/2015 - 01/31/2023,in,,,,8 Year,,Yes     ,No     ,,,,No     ,,,,,Yes,Yes,Yes,Yes,Yes,Yes
DUNSMUIR,Siskiyou County,,01/01/2014-06/30/2019,06/30/2014 - 06/30/2019,in,,,,5 Year,,Yes     ,No     ,,,,No     ,,,,,No,Yes,Yes,Yes,Yes,Yes
EAST PALO ALTO,San Mateo County,ABAG,01/01/2014-10/31/2022,01/31/2015 - 01/31/2023,in,,,,8 Year,,Yes     ,No     ,,,,No     ,,,,,Yes,No,Yes,Yes,Yes,Yes
EASTVALE,Riverside County,SCAG,01/01/2014-10/31/2021,10/15/2013 - 10/15/2021,in,,,,8 Year,,Yes     ,No     ,,,,No     ,,,,,No,Yes,Yes,Yes,Yes,Yes
EL CAJON,San Diego County,SANDAG,01/01/2010-12/31/2020,04/30/2013 - 04/30/2021,in,,,,8 Year,,Yes     ,No      ,,,,Yes     ,1363,,No,Yes,Yes,Yes,Yes,Yes,Yes,Yes
EL CENTRO,Imperial County,SCAG,01/01/2014-10/31/2021,10/15/2013 - 10/15/2021,in,,,,8 Year,,Yes     ,No     ,,,,No     ,,,,Yes,Yes,Yes,Yes,Yes,Yes,Yes
EL CERRITO,Contra Costa County,ABAG,01/01/2014-10/31/2022,01/31/2015 - 01/31/2023,in,,,,8 Year,,Yes     ,No     ,,,,No     ,,,,,Yes,Yes,Yes,Yes,Yes,Yes
EL DORADO COUNTY,El Dorado County,SACOG,01/01/2013-10/31/2021,10/31/2013 - 10/31/2021,in,,,,8 Year,,Yes     ,No     ,,,,No     ,,,,,Yes,Yes,Yes,Yes,Yes,Yes
EL MONTE,Los Angeles County,SCAG,01/01/2014-10/31/2021,10/15/2013 - 10/15/2021,in,,,,8 Year,,Yes     ,No     ,,,,No     ,,,,,Yes,Yes,Yes,Yes,Yes,Yes
EL SEGUNDO,Los Angeles County,SCAG,01/01/2014-10/31/2021,10/15/2013 - 10/15/2021,in,,,,8 Year,,Yes     ,No     ,,,,No     ,,,,,No,No,No,No,No,Yes
ELK GROVE,Sacramento County,SACOG,01/01/2013-10/31/2021,10/31/2013 - 10/31/2021,in,,,,8 Year,,Yes     ,No        ,,,,Yes     ,1273,75,No,,Yes,Yes,Yes,Yes,Yes,Yes
EMERYVILLE,Alameda County,ABAG,01/01/2014-10/31/2022,01/31/2015 - 01/31/2023,in,,,,8 Year,,Yes     ,No     ,,,,No     ,,,,,Yes,Yes,Yes,Yes,Yes,Yes
ENCINITAS,San Diego County,SANDAG,01/01/2010-12/31/2020,04/30/2013 - 04/30/2021,out (adopted),,,,8 year,Yes,Yes,Yes,253,,Yes,Yes,888,,Yes,,Yes,Yes,Yes,Yes,Yes,Yes
ESCALON,San Joaquin County,San Joaquin County Council of Governments ,01/01/2014-12/31/2023,12/31/2015 - 12/31/2023,in ,,,,8 year,Yes,Yes     ,No     ,,,,No     ,,,,,No,No,No,No,No,Yes
ESCONDIDO,San Diego County,SANDAG,01/01/2010-12/31/2020,04/30/2013 - 04/30/2021,in,,,,8 Year,,Yes     ,No     ,,,,No     ,,,,,Yes,Yes,Yes,Yes,Yes,Yes
ETNA,Siskiyou County,,01/01/2014-06/30/2019,06/30/2014 - 06/30/2019,in,,,,5 Year,,Yes     ,No     ,,,,No     ,,,,,No,No,No,No,Yes,Yes
EUREKA,Humboldt County,Humboldt County Association of Governments,01/01/2014-06/30/2019,06/30/2014 - 06/30/2019,in,,,,5 Year,,Yes     ,No     ,,,,No     ,,,,Yes,Yes,Yes,Yes,Yes,Yes,Yes
EXETER,Tulare County,Tulare County Association of Governments,01/01/2014-09/30/2023,12/31/2015 - 12/31/2023,in,,,,8 Year,,Yes     ,No     ,,,,No     ,,,,Yes,No,No,No,No,Yes,Yes
FAIRFAX,Marin County,ABAG,01/01/2014-10/31/2022,01/31/2015 - 01/31/2023,in,Yes,1/31/16,yes,8 Year,,Yes     ,Yes     ,35,3.24,Yes,No     ,27,,8-units remaining,,Yes,Yes,Yes,Yes,Yes,Yes
FAIRFIELD,Solano County,ABAG,01/01/2014-10/31/2022,01/31/2015 - 01/31/2023,in,,,,8 Year,,Yes,No     ,,,,No     ,,,,,Yes,Yes,Yes,Yes,Yes,Yes
FARMERSVILLE,Tulare County,Tulare County Association of Governments,01/01/2014-09/30/2023,12/31/2015 - 12/31/2023,in,,,,8 Year,,Yes     ,No     ,,,,No     ,,,,,No,No,No,Yes,Yes,Yes
FERNDALE,Humboldt County,Humboldt County Association of Governments,01/01/2014-06/30/2019,06/30/2014 - 06/30/2019,in,,,,5 Year,,Yes     ,No     ,,,,No     ,,,,,Yes,No,No,No,No,No
FILLMORE,Ventura County,SCAG,01/01/2014-10/31/2021,10/15/2013 - 10/15/2021,out (adopted),,,,8 Year,,Yes,No     ,,,,Yes     ,61,,No,,No,No,No,No,No,No
FIREBAUGH,Fresno County,Council of Fresno County Governments,01/01/2013-12/31/2023,12/31/2015 - 12/31/2023,in,,,,8 Year,,Yes     ,No     ,,,,No     ,,,,,No,No,No,No,Yes,Yes
FOLSOM,Sacramento County,SACOG,01/01/2013-10/31/2021,10/31/2013 - 10/31/2021,in,,,,8 Year,,Yes     ,No     ,,,,No     ,,,,Yes,Yes,Yes,Yes,Yes,Yes,Yes
FONTANA,San Bernardino County,SCAG,01/01/2014-10/31/2021,10/15/2013 - 10/15/2021,in,,,,8 Year,,Yes      ,Yes     ,1866,,Yes,Yes     ,2416,,Yes,,Yes,Yes,Yes,Yes,Yes,Yes
FORT BRAGG,Mendocino County,Mendocino Council of Governments ,01/01/2014-06/30/2019,06/30/2014 - 06/30/2019,in,,,,5 Year,,Yes     ,No     ,,,,No     ,,,,,No,No,Yes,No,No,Yes
FORT JONES,Siskiyou County,,01/01/2014-06/30/2019,06/30/2014 - 06/30/2019,out (due),,,,5 Year,,Unknown,Unknown,,,,Unknown,,,,,No,No,No,No,No,No
FORTUNA,Humboldt County,Humboldt County Association of Governments,01/01/2014-06/30/2019,06/30/2014 - 06/30/2019,in,,,,5 Year,,Yes,No,,,,No,,,,Yes,No,No,No,No,Yes,Yes
FOSTER CITY,San Mateo County,ABAG,01/01/2014-10/31/2022,01/31/2015 - 01/31/2023,in,,,,8 Year,,Yes     ,No        ,,,,No     ,,,,,Yes,Yes,Yes,Yes,Yes,Yes
FOUNTAIN VALLEY,Orange County,SCAG,01/01/2014-10/31/2021,10/15/2013 - 10/15/2021,in,,,,8 Year,,Yes     ,No     ,,,,Yes,162,6.49,Yes,,No,Yes,Yes,Yes,Yes,Yes
FOWLER,Fresno County,Council of Fresno County Governments,01/01/2013-12/31/2023,12/31/2015 - 12/31/2023,in,,,,8 Year,,Yes     ,No     ,,,,No     ,,,,,No,No,No,No,No,No
FREMONT,Alameda County,ABAG,01/01/2014-10/31/2022,01/31/2015 - 01/31/2023,in,,,,8 Year,,Yes     ,No     ,,,,No     ,,,,,Yes,Yes,Yes,Yes,Yes,Yes
FRESNO,Fresno County,Council of Fresno County Governments,01/01/2013-12/31/2023,12/31/2015 - 12/31/2023,in,,,,8 Year,,Yes     ,Yes     ,6228,,Yes,No     ,,,,Yes,Yes,Yes,Yes,Yes,Yes,Yes
FRESNO COUNTY,Fresno County,Council of Fresno County Governments,01/01/2013-12/31/2023,12/31/2015 - 12/31/2023,in,,,,8 Year,,Yes     ,No     ,,,,No     ,,,,,Yes,No,Yes,Yes,Yes,Yes
FULLERTON,Orange County,SCAG,01/01/2014-10/31/2021,10/15/2013 - 10/15/2021,in,,,,8 year,,Yes     ,No     ,,,,No     ,,,,,Yes,Yes,Yes,Yes,Yes,Yes
GALT,Sacramento County,SACOG,01/01/2013-10/31/2021,10/31/2013 - 10/31/2021,in,,,,8 Year,,Yes     ,No     ,,,,No     ,,,,,Yes,Yes,Yes,Yes,Yes,Yes
GARDEN GROVE,Orange County,SCAG,01/01/2014-10/31/2021,10/15/2013 - 10/15/2021,in,,,,8 Year,,Yes     ,No     ,,,,No     ,,,,,Yes,Yes,Yes,Yes,Yes,Yes
GARDENA,Los Angeles County,SCAG,01/01/2014-10/31/2021,10/15/2013 - 10/15/2021,in,,,,8 Year,,Yes     ,No     ,,,,No     ,,,,,Yes,Yes,Yes,Yes,Yes,Yes
GILROY,Santa Clara County,ABAG,01/01/2014-10/31/2022,01/31/2015 - 01/31/2023,in,,,,8 Year,,Yes     ,No     ,,,,No     ,,,,Yes,No,No,Yes,Yes,Yes,Yes
GLENDALE,Los Angeles County,SCAG,01/01/2014-10/31/2021,10/15/2013 - 10/15/2021,in,,,,8 Year,,Yes     ,No     ,,,,No     ,,,,Yes,Yes,Yes,Yes,Yes,Yes,Yes
GLENDORA,Los Angeles County,SCAG,01/01/2014-10/31/2021,10/15/2013 - 10/15/2021,in,,,,8 Year,,Yes     ,No     ,,,,No     ,,,,,Yes,Yes,Yes,Yes,Yes,Yes
GLENN COUNTY,Glenn County,,01/01/2014-06/30/2019,06/30/2014 - 06/30/2019,in,Yes,6/30/15,9/17/18,5 Year,,Yes     ,Yes     ,168,10.5,yes,Yes      ,32,2,No,,No,Yes,Yes,Yes,Yes,No
GOLETA,Santa Barbara County,Santa Barbara Council of Governments,01/01/2014-09/30/2022,02/15/2015 - 02/15/2023,in,,,,8 Year,,Yes     ,No     ,,,,No     ,,,,,Yes,Yes,Yes,Yes,Yes,Yes
GONZALES,Monterey County,AMBAG,01/01/2014-12/31/2023,12/31/2015 - 12/31/2023,in,,,,8 Year,,Yes     ,No     ,,,,No     ,,,,,No,No,No,No,No,Yes
GRAND TERRACE,San Bernardino County,SCAG,01/01/2014-10/31/2021,10/15/2013 - 10/15/2021,in,,,,8 year,,Yes     ,No     ,,,,No     ,,,,,No,No,Yes,Yes,Yes,Yes
GRASS VALLEY,Nevada County,Sierra Planning Organization,01/01/2014-06/30/2019,06/30/2014 - 06/30/2019,in,,,,5 Year,,Yes     ,No     ,,,,No     ,,,,Yes,Yes,Yes,Yes,Yes,Yes,Yes
GREENFIELD,Monterey County,AMBAG,01/01/2014-12/31/2023,12/31/2015 - 12/31/2023,in,,,,8 Year,,Yes     ,No     ,,,,No     ,,,,,No,No,No,No,No,Yes
GRIDLEY,Butte County,Butte County Association of Governments,01/01/2014-06/15/2022,06/15/2014 - 06/15/2022,in,,,,8 Year,,Yes     ,No     ,,,,No     ,,,,,No,Yes,Yes,Yes,Yes,Yes
GROVER BEACH,San Luis Obispo County,SLOCOG,01/01/2014-06/30/2019,06/30/2014 - 06/30/2019,in,,,,5 Year,,Yes     ,No     ,,,,No     ,,,,,Yes,Yes,Yes,Yes,Yes,Yes
GUADALUPE,Santa Barbara County,Santa Barbara Council of Governments,01/01/2014-09/30/2022,02/15/2015 - 02/15/2023,in,,,,8 year,Yes,Yes     ,No     ,,,,No     ,,,,,No,No,No,No,No,Yes
GUSTINE,Merced County,Merced County Association of Governments,01/01/2014-12/31/2023,03/31/2016 - 03/31/2024,out,,,,8 year,Yes,Yes,No,,,,Yes,33,,No,,No,No,No,No,No,No
HALF MOON BAY,San Mateo County,ABAG,01/01/2014-10/31/2022,01/31/2015 - 01/31/2023,in,,,,8 Year,,Yes     ,No     ,,,,No     ,,,,,No,Yes,Yes,Yes,Yes,Yes
HANFORD,Kings County,Kings County Association of Governments,01/01/2014-12/31/2023,01/31/2016 - 01/31/2024,in,,,,8 Year,,Yes     ,No     ,,,,No     ,,,,,No,No,No,No,No,Yes
HAWAIIAN GARDENS,Los Angeles County,SCAG,01/01/2014-10/31/2021,10/15/2013 - 10/15/2021,in,,,,8 Year,,Yes     ,No     ,,,,No     ,,,,,No,No,No,No,No,Yes
HAWTHORNE,Los Angeles County,SCAG,01/01/2014-10/31/2021,10/15/2013 - 10/15/2021,in,,,,8 Year,,Yes     ,No     ,,,,No     ,,,,,No,Yes,Yes,Yes,Yes,Yes
HAYWARD,Alameda County,ABAG,01/01/2014-10/31/2022,01/31/2015 - 01/31/2023,in,,,,8 Year,,Yes     ,No     ,,,,No     ,,,,Yes,Yes,Yes,Yes,Yes,Yes,Yes
HEALDSBURG,Sonoma County,ABAG,01/01/2014-10/31/2022,01/31/2015 - 01/31/2023,in,,,,8 Year,,Yes     ,No     ,,,,No     ,,,,,Yes,Yes,Yes,Yes,Yes,Yes
HEMET,Riverside County,SCAG,01/01/2014-10/31/2021,10/15/2013 - 10/15/2021,in,,,,8 Year,,Yes,No     ,,,,No     ,,,,,Yes,Yes,Yes,Yes,Yes,Yes
HERCULES,Contra Costa County,ABAG,01/01/2014-10/31/2022,01/31/2015 - 01/31/2023,in,,,,8 Year,,Yes     ,No     ,,,,No     ,,,,,No,Yes,Yes,Yes,Yes,Yes
HERMOSA BEACH,Los Angeles County,SCAG,01/01/2014-10/31/2021,10/15/2013 - 10/15/2021,in,,,,8 Year,,Yes     ,No     ,,,,No     ,,,,,No,No,No,No,No,Yes
HESPERIA,San Bernardino County,SCAG,01/01/2014-10/31/2021,10/15/2013 - 10/15/2021,in,,,,8 Year,,Yes     ,No     ,,,,No     ,,,,,Yes,Yes,Yes,Yes,Yes,No
HIDDEN HILLS,Los Angeles County,SCAG,01/01/2014-10/31/2021,10/15/2013 - 10/15/2021,in,,,,8 Year,,Yes     ,No     ,,,,No     ,,,,,No,No,No,No,No,Yes
HIGHLAND,San Bernardino County,SCAG,01/01/2014-10/31/2021,10/15/2013 - 10/15/2021,in,,,,8 Year,,Yes     ,No     ,,,,No     ,,,,,No,Yes,Yes,Yes,Yes,Yes
HILLSBOROUGH,San Mateo County,ABAG,01/01/2014-10/31/2022,01/31/2015 - 01/31/2023,in,,,,8 Year,,Yes     ,No     ,,,,No     ,,,,,Yes,Yes,Yes,Yes,Yes,Yes
HOLLISTER,San Benito County,San Benito County Council of Governments,01/01/2014-12/31/2023,12/31/2015 - 12/31/2023,in,,,,8 Year,,Yes     ,No     ,,,,No     ,,,,,Yes,Yes,Yes,Yes,Yes,Yes
HOLTVILLE,Imperial County,SCAG,01/01/2014-10/31/2021,10/15/2013 - 10/15/2021,out (draft),,,,8 year,Yes,Yes,No     ,,,,No     ,,,,,No,No,No,No,Yes,No
HUGHSON,Stanislaus County,Stanislaus Council of Governments ,01/01/2014-09/30/2023,12/31/2015 - 12/31/2023,in,,,,8 Year,,Yes     ,No     ,,,,No     ,,,,,No,Yes,Yes,Yes,Yes,Yes
HUMBOLDT COUNTY,Humboldt County,Humboldt County Association of Governments,01/01/2014-06/30/2019,06/30/2014 - 06/30/2019,in,,,,5 Year,,Yes     ,No     ,,,,No     ,,,,,Yes,Yes,Yes,Yes,Yes,Yes
HUNTINGTON BEACH,Orange County,SCAG,01/01/2014-10/31/2021,10/15/2013 - 10/15/2021,out (adopted),,,,8 Year,,Yes     ,TBD,,,,TBD,,,,Yes,No,No,No,No,No,No
HUNTINGTON PARK,Los Angeles County,SCAG,01/01/2014-10/31/2021,10/15/2013 - 10/15/2021,out (due),,,,8 year,Yes,Unknown,Unknown   ,,,,Unknown,,,,,Yes,No,No,No,No,No
HURON,Fresno County,Council of Fresno County Governments,01/01/2013-12/31/2023,12/31/2015 - 12/31/2023,in,,,,8 Year,,Yes     ,No     ,,,,No     ,,,,,Yes,Yes,Yes,Yes,Yes,Yes
IMPERIAL,Imperial County,SCAG,01/01/2014-10/31/2021,10/15/2013 - 10/15/2021,out (draft),,,,8 year,Yes,Yes     ,No     ,,,,No     ,,,,,Yes,Yes,Yes,Yes,Yes,Yes
IMPERIAL BEACH,San Diego County,SANDAG,01/01/2010-12/31/2020,04/30/2013 - 04/30/2021,in,,,,8 Year,,Yes     ,No     ,,,,No     ,,,,,Yes,Yes,Yes,Yes,Yes,Yes
IMPERIAL COUNTY,Imperial County,SCAG,01/01/2014-10/31/2021,10/15/2013 - 10/15/2021,in,,,,8 Year,,Yes     ,No     ,,,,No     ,,,,,No,No,No,Yes,Yes,Yes
INDIAN WELLS,Riverside County,SCAG,01/01/2014-10/31/2021,10/15/2013 - 10/15/2021,in,,,,8 Year,,Yes     ,No     ,,,,No     ,,,,Yes,Yes,Yes,Yes,Yes,Yes,Yes
INDIO,Riverside County,SCAG,01/01/2014-10/31/2021,10/15/2013 - 10/15/2021,in,,,,8 Year,,Yes     ,No     ,,,,No     ,,,,,Yes,Yes,Yes,Yes,Yes,Yes
INDUSTRY,Los Angeles County,SCAG,01/01/2014-10/31/2021,10/15/2013 - 10/15/2021,in,Yes,2/11/15,9/4/18,8 Year,,Yes,No     ,,,,Yes     ,2,,No,Yes,No,No,No,No,Yes,Yes
INGLEWOOD,Los Angeles County,SCAG,01/01/2014-10/31/2021,10/15/2013 - 10/15/2021,in,,,,8 Year,,Yes     ,No     ,,,,No     ,,,,Yes,Yes,Yes,Yes,Yes,Yes,Yes
INYO COUNTY,Inyo County,,01/01/2014-06/30/2019,06/30/2014 - 06/30/2019,in,,,,5 Year,,Yes     ,No     ,,,,No     ,,,,,Yes,Yes,Yes,Yes,Yes,No
IONE,Amador County,,01/01/2014-06/30/2019,06/30/2014 - 06/30/2019,in,,,,5 Year,,Yes     ,No     ,,,,No     ,,,,,Yes,No,No,Yes,Yes,Yes
IRVINE,Orange County,SCAG,01/01/2014-10/31/2021,10/15/2013 - 10/15/2021,in,,,,8 Year,,Yes     ,No     ,,,,No     ,,,,Yes,Yes,Yes,Yes,Yes,Yes,Yes
IRWINDALE,Los Angeles County,SCAG,01/01/2014-10/31/2021,10/15/2013 - 10/15/2021,in,,,,8 Year,,Yes     ,No     ,,,,No     ,,,,Yes,No,No,No,No,Yes,Yes
ISLETON,Sacramento County,SACOG,01/01/2013-10/31/2021,10/31/2013 - 10/31/2021,in,,,,8 Year,,Yes     ,No     ,,,,No     ,,,,,No,No,No,No,No,Yes
JACKSON,Amador County,,01/01/2014-06/30/2019,06/30/2014 - 06/30/2019,in,,,,5 Year,,Yes     ,No     ,,,,No     ,,,,,No,Yes,Yes,Yes,Yes,Yes
JURUPA VALLEY,Riverside County,SCAG,01/01/2014-10/31/2021,10/15/2013 - 10/15/2021,in,,,,8 year,,Yes,No,,,,No,,,,,No,No,No,No,No,Yes
KERMAN,Fresno County,Council of Fresno County Governments,01/01/2013-12/31/2023,12/31/2015 - 12/31/2023,in - conditional,Yes,12/31/16,Under Review,8 Year,,Yes     ,Yes     ,168,8.4,Partial-still needs 2.4 acres rezoned,No     ,,,,,No,No,No,No,Yes,Yes
KERN COUNTY,Kern County,KernCOG,01/01/2013-12/31/2023,12/31/2015 - 12/31/2023,in - conditional,Yes,12/31/16,Under Review,8 Year,,Yes     ,Yes     ,432,33.57,TBD,Yes     ,2528,180.57,TBD,,Yes,Yes,Yes,Yes,Yes,Yes
KING CITY,Monterey County,AMBAG,01/01/2014-12/31/2023,12/31/2015 - 12/31/2023,in,,,,8 Year,,Yes     ,No     ,,,,No     ,,,,Yes,No,No,Yes,Yes,Yes,Yes
KINGS COUNTY,Kings County,Kings County Association of Governments,01/01/2014-12/31/2023,01/31/2016 - 01/31/2024,in,,,,8 Year,,Yes     ,No     ,,,,No     ,,,,,Yes,No,No,No,Yes,Yes
KINGSBURG,Fresno County,Council of Fresno County Governments,01/01/2013-12/31/2023,12/31/2015 - 12/31/2023,in,,,,8 Year,,Yes     ,No     ,,,,No     ,,,,Yes,Yes,Yes,No,No,Yes,No
LA CANADA FLINTRIDGE,Los Angeles County,SCAG,01/01/2014-10/31/2021,10/15/2013 - 10/15/2021,in,,,,8 Year,,Yes     ,No     ,,,,No     ,,,,,No,Yes,Yes,Yes,Yes,Yes
LA HABRA,Orange County,SCAG,01/01/2014-10/31/2021,10/15/2013 - 10/15/2021,in,Yes,10/15/14,5/21/18,8 Year,,Yes     ,Yes     ,77,9.97,Yes,No     ,,,,,Yes,Yes,Yes,Yes,Yes,Yes
LA HABRA HEIGHTS,Los Angeles County,SCAG,01/01/2014-10/31/2021,10/15/2013 - 10/15/2021,out (due),,,,8 year,Yes,Unknown,Unknown   ,,,,Unknown,,,,,No,No,No,No,No,Yes
LA MESA,San Diego County,SANDAG,01/01/2010-12/31/2020,04/30/2013 - 04/30/2021,in,,,,8 Year,,Yes,No     ,,,,No     ,,,,,Yes,Yes,Yes,Yes,Yes,Yes
LA MIRADA,Los Angeles County,SCAG,01/01/2014-10/31/2021,10/15/2013 - 10/15/2021,in,,,,8 Year,,Yes     ,No     ,,,,No     ,,,,,No,No,No,No,Yes,No
LA PALMA,Orange County,SCAG,01/01/2014-10/31/2021,10/15/2013 - 10/15/2021,in,,,,8 Year,,Yes     ,No     ,,,,No     ,,,,,Yes,Yes,Yes,Yes,Yes,Yes
LA PUENTE,Los Angeles County,SCAG,01/01/2014-10/31/2021,10/15/2013 - 10/15/2021,out (adopted),,,,8 year,Yes,Yes     ,No     ,,,,No     ,,,,,No,No,No,No,No,Yes
LA QUINTA,Riverside County,SCAG,01/01/2014-10/31/2021,10/15/2013 - 10/15/2021,in,,,,8 Year,,Yes     ,No     ,,,,No     ,,,,Yes,No,No,No,No,Yes,Yes
LA VERNE,Los Angeles County,SCAG,01/01/2014-10/31/2021,10/15/2013 - 10/15/2021,in,,,,8 Year,,Yes     ,Yes     ,320,,Yes,Yes     ,235,,Yes,,Yes,Yes,Yes,Yes,Yes,No
LAFAYETTE,Contra Costa County,ABAG,01/01/2014-10/31/2022,01/31/2015 - 01/31/2023,in,,,,8 Year,,Yes     ,No     ,,,,No     ,,,,,No,Yes,Yes,Yes,Yes,Yes
LAGUNA BEACH,Orange County,SCAG,01/01/2014-10/31/2021,10/15/2013 - 10/15/2021,in,,,,8 Year,,Yes (Sufficient Capacity - No zoning required),No     ,,,,No     ,,,,,Yes,Yes,Yes,Yes,Yes,Yes
LAGUNA HILLS,Orange County,SCAG,01/01/2014-10/31/2021,10/15/2013 - 10/15/2021,in,,,,8 Year,,Yes     ,No     ,,,,No     ,,,,,Yes,Yes,Yes,Yes,Yes,Yes
LAGUNA NIGUEL,Orange County,SCAG,01/01/2014-10/31/2021,10/15/2013 - 10/15/2021,in,,,,8 Year,,Yes     ,No     ,,,,No     ,,,,,No,Yes,Yes,Yes,Yes,Yes
LAGUNA WOODS,Orange County,SCAG,01/01/2014-10/31/2021,10/15/2013 - 10/15/2021,in,,,,8 Year,,Yes     ,No     ,,,,No     ,,,,,No,Yes,Yes,Yes,Yes,Yes
LAKE COUNTY,Lake County,Lake County Areawide Planning Council,01/01/2014-06/30/2019,06/30/2014 - 06/30/2019,out (adopted),,,,5 year,,Yes     ,No     ,,,,TBD,,,,,No,No,No,No,No,Yes
LAKE ELSINORE,Riverside County,SCAG,01/01/2014-10/31/2021,10/15/2013 - 10/15/2021,in,,,,8 Year,,Yes     ,No     ,,,,No     ,,,,,Yes,Yes,Yes,Yes,Yes,Yes
LAKE FOREST,Orange County,SCAG,01/01/2014-10/31/2021,10/15/2013 - 10/15/2021,in,,,,8 Year,,Yes     ,No     ,,,,No     ,,,,,Yes,Yes,Yes,Yes,Yes,Yes
LAKEPORT,Lake County,Lake County Areawide Planning Council,01/01/2014-06/30/2019,06/30/2014 - 06/30/2019,in,,,,5 Year,,Yes     ,No     ,,,,No     ,,,,,Yes,No,No,No,Yes,No
LAKEWOOD,Los Angeles County,SCAG,01/01/2014-10/31/2021,10/15/2013 - 10/15/2021,in,,,,8 Year,,Yes     ,No     ,,,,No     ,,,,,Yes,Yes,Yes,Yes,Yes,Yes
LANCASTER,Los Angeles County,SCAG,01/01/2014-10/31/2021,10/15/2013 - 10/15/2021,in,,,,8 Year,,Yes     ,No     ,,,,No     ,,,,Yes,No,No,No,No,No,Yes
LARKSPUR,Marin County,ABAG,01/01/2014-10/31/2022,01/31/2015 - 01/31/2023,in,,,,8 Year,,Yes     ,No     ,,,,No     ,,,,,Yes,Yes,Yes,Yes,Yes,Yes
LASSEN COUNTY,Lassen County,,01/01/2014-06/30/2019,06/30/2014 - 06/30/2019,in,,,,5 Year,,Yes     ,No     ,,,,No     ,,,,,No,No,No,No,No,No
LATHROP,San Joaquin County,San Joaquin County Council of Governments ,01/01/2014-12/31/2023,12/31/2015 - 12/31/2023,in,,,,8 year,Yes,Yes     ,No     ,,,,No     ,,,,,No,No,No,Yes,Yes,Yes
LAWNDALE,Los Angeles County,SCAG,01/01/2014-10/31/2021,10/15/2013 - 10/15/2021,in,,,,8 Year,,Yes     ,No     ,,,,No     ,,,,,No,Yes,No,Yes,Yes,Yes
LEMON GROVE,San Diego County,SANDAG,01/01/2010-12/31/2020,04/30/2013 - 04/30/2021,in,,,,8 Year,,Yes,No     ,,,,No     ,,,,,Yes,Yes,Yes,Yes,Yes,Yes
LEMOORE,Kings County,Kings County Association of Governments,01/01/2014-12/31/2023,01/31/2016 - 01/31/2024,in,,,,8 Year,,Yes     ,No     ,,,,No     ,,,,Yes,No,No,No,No,No,No
LINCOLN,Placer County,SACOG,01/01/2013-10/31/2021,10/31/2013 - 10/31/2021,in,,,,8 Year,,Yes     ,No     ,,,,No     ,,,,,Yes,Yes,Yes,Yes,Yes,No
LINDSAY,Tulare County,Tulare County Association of Governments,01/01/2014-09/30/2023,12/31/2015 - 12/31/2023,in,,,,8 year,Yes,Yes     ,No     ,,,,No     ,,,,Yes,Yes,Yes,Yes,Yes,Yes,Yes
LIVE OAK,Sutter County,SACOG,01/01/2013-10/31/2021,10/31/2013 - 10/31/2021,in,,,,8 year,,Yes     ,No     ,,,,No     ,,,,,Yes,Yes,Yes,Yes,Yes,Yes
LIVERMORE,Alameda County,ABAG,01/01/2014-10/31/2022,01/31/2015 - 01/31/2023,in,,,,8 Year,,Yes     ,No     ,,,,No     ,,,,,Yes,Yes,Yes,Yes,Yes,Yes
LIVINGSTON,Merced County,Merced County Association of Governments,01/01/2014-12/31/2023,03/31/2016 - 03/31/2024,in,,,,8 Year,,Yes     ,No     ,,,,No     ,,,,,No,No,No,Yes,Yes,Yes
LODI,San Joaquin County,San Joaquin County Council of Governments ,01/01/2014-12/31/2023,12/31/2015 - 12/31/2023,in,,,,8 Year,,Yes     ,No     ,,,,No     ,,,,,No,No,No,No,Yes,Yes
LOMA LINDA,San Bernardino County,SCAG,01/01/2014-10/31/2021,10/15/2013 - 10/15/2021,in,,,,8 Year,,Yes,No     ,,,,No     ,,,,Yes,No,No,No,No,No,Yes
LOMITA,Los Angeles County,SCAG,01/01/2014-10/31/2021,10/15/2013 - 10/15/2021,in,,,,8 Year,,Yes     ,No     ,,,,No     ,,,,,Yes,Yes,Yes,Yes,Yes,Yes
LOMPOC,Santa Barbara County,Santa Barbara Council of Governments,01/01/2014-09/30/2022,02/15/2015 - 02/15/2023,in,,,,8 Year,,Yes    ,No     ,,,,No     ,,,,,Yes,Yes,Yes,Yes,Yes,Yes
LONG BEACH,Los Angeles County,SCAG,01/01/2014-10/31/2021,10/15/2013 - 10/15/2021,in,,,,8 Year,,Yes     ,No     ,,,,No     ,,,,Yes,Yes,Yes,Yes,Yes,Yes,Yes
LOOMIS,Placer County,SACOG,01/01/2013-10/31/2021,10/31/2013 - 10/31/2021,in,Yes,10/31/14,7/2/18,8 Year,,Yes,Yes     ,60,,yes,Yes     ,66,,Yes,,No,No,No,No,Yes,Yes
LOS ALAMITOS,Orange County,SCAG,01/01/2014-10/31/2021,10/15/2013 - 10/15/2021,in,,,,8 Year,,Yes     ,No     ,,,,No      ,,,,Yes,Yes,No,No,No,Yes,Yes
LOS ALTOS,Santa Clara County,ABAG,01/01/2014-10/31/2022,01/31/2015 - 01/31/2023,in - conditional,Yes,8/31/15,,8 Year,,Yes,No     ,,,,No     ,,,,,Yes,Yes,Yes,Yes,Yes,Yes
LOS ALTOS HILLS,Santa Clara County,ABAG,01/01/2014-10/31/2022,01/31/2015 - 01/31/2023,in,,,,8 Year,,Yes     ,No     ,,,,No     ,,,,,No,No,No,No,Yes,Yes
LOS ANGELES,Los Angeles County,SCAG,01/01/2014-10/31/2021,10/15/2013 - 10/15/2021,in,,,,8 Year,,Yes     ,No     ,,,,No     ,,,,Yes,Yes,Yes,Yes,Yes,Yes,Yes
LOS ANGELES COUNTY,Los Angeles County,SCAG,01/01/2014-10/31/2021,10/15/2013 - 10/15/2021,in,,,,8 Year,,Yes     ,No     ,,,,No     ,,,,,Yes,Yes,Yes,Yes,Yes,Yes
LOS BANOS,Merced County,Merced County Association of Governments,01/01/2014-12/31/2023,03/31/2016 - 03/31/2024,in,Yes,3/31/17,4/2/19,8 Year,,Yes     ,Yes     ,81,4.9,Yes,Yes     ,625,32,Partial - 606 units remaining,,No,No,No,Yes,Yes,Yes
LOS GATOS,Santa Clara County,ABAG,01/01/2014-10/31/2022,01/31/2015 - 01/31/2023,in,,,,8 Year,,Yes     ,No     ,,,,Yes     ,270,13.5,,,Yes,Yes,Yes,Yes,Yes,Yes
LOYALTON,Sierra County,Sierra Planning Organization,01/01/2014-06/30/2019,06/30/2014 - 06/30/2019,in,,,,5 Year,,Yes     ,No     ,,,,No     ,,,,,No,No,No,No,No,No
LYNWOOD,Los Angeles County,SCAG,01/01/2014-10/31/2021,10/15/2013 - 10/15/2021,in,,,,8 Year,,Yes     ,No     ,,,,No     ,,,,,No,No,No,No,No,Yes
MADERA,Madera County,Madera County Transportation Commission,01/01/2014-12/31/2023,01/31/2016 - 01/31/2024,in,,,,8 Year,,Yes     ,No     ,,,,No     ,,,,,Yes,Yes,Yes,Yes,Yes,Yes
MADERA COUNTY,Madera County,Madera County Transportation Commission,01/01/2014-12/31/2023,01/31/2016 - 01/31/2024,in,,,,8 Year,,Yes     ,No     ,,,,No     ,,,,,Yes,Yes,Yes,Yes,Yes,Yes
MALIBU,Los Angeles County,SCAG,01/01/2014-10/31/2021,10/15/2013 - 10/15/2021,in,,,,8 Year,,Yes     ,No     ,,,,No     ,,,,,No,Yes,Yes,Yes,Yes,Yes
MAMMOTH LAKES,Mono County,,01/01/2014-06/30/2019,06/30/2014 - 06/30/2019,in,,,,5 Year,,Yes     ,No     ,,,,No     ,,,,,Yes,Yes,Yes,Yes,Yes,Yes
MANHATTAN BEACH,Los Angeles County,SCAG,01/01/2014-10/31/2021,10/15/2013 - 10/15/2021,in,,,,8 Year,,Yes     ,No     ,,,,No     ,,,,,Yes,Yes,Yes,Yes,Yes,Yes
MANTECA,San Joaquin County,San Joaquin County Council of Governments ,01/01/2014-12/31/2023,12/31/2015 - 12/31/2023,in,,,,8 Year,,Yes     ,No     ,,,,No     ,,,,,No,No,No,No,No,Yes
MARICOPA,Kern County,KernCOG,01/01/2013-12/31/2023,12/31/2015 - 12/31/2023,in,,,,8 year,Yes,Yes,No     ,,,,No,,,,,No,No,No,No,No,No
MARIN COUNTY,Marin County,ABAG,01/01/2014-10/31/2022,01/31/2015 - 01/31/2023,in,,,,8 Year,,Yes     ,No     ,,,,No     ,,,,,Yes,Yes,Yes,Yes,Yes,Yes
MARINA,Monterey County,AMBAG,01/01/2014-12/31/2023,12/31/2015 - 12/31/2023,out (adopted),,,,8 year,Yes,Yes     ,TBD,,,,TBD,,,,Yes,No,No,Yes,Yes,Yes,Yes
MARIPOSA COUNTY,Mariposa County,,01/01/2014-06/30/2019,06/30/2014 - 06/30/2019,in,,,,5 Year,,Yes     ,No     ,,,,No     ,,,,,No,Yes,Yes,Yes,Yes,Yes
MARTINEZ,Contra Costa County,ABAG,01/01/2014-10/31/2022,01/31/2015 - 01/31/2023,in,,,,8 Year,,Yes     ,No     ,,,,No     ,,,,,Yes,No,No,Yes,Yes,Yes
MARYSVILLE,Yuba County,SACOG,01/01/2013-10/31/2021,10/31/2013 - 10/31/2021,in,,,,8 Year,,Yes,No     ,,,,No     ,,,,Yes,No,No,No,No,Yes,Yes
MAYWOOD,Los Angeles County,SCAG,01/01/2014-10/31/2021,10/15/2013 - 10/15/2021,out (adopted),,,,8 Year,,No (Program),Yes     ,8,,No,Yes     ,21,,No,,No,No,No,No,No,No
MCFARLAND,Kern County,KernCOG,01/01/2013-12/31/2023,12/31/2015 - 12/31/2023,in,,,,8 Year,,Yes     ,No     ,,,,No     ,,,,,Yes,Yes,Yes,Yes,Yes,Yes
MENDOCINO COUNTY,Mendocino County,Mendocino Council of Governments ,01/01/2014-06/30/2019,06/30/2014 - 06/30/2019,in,,,,5 Year,,Yes     ,No     ,,,,No      ,,,,,Yes,No,Yes,No,No,No
MENDOTA,Fresno County,Council of Fresno County Governments,01/01/2013-12/31/2023,12/31/2015 - 12/31/2023,in,,,,8 Year,,Yes     ,No     ,,,,No     ,,,,,No,No,No,No,No,No
MENIFEE,Riverside County,SCAG,01/01/2014-10/31/2021,10/15/2013 - 10/15/2021,in,,,,8 Year,,Yes     ,No     ,,,,No     ,,,,,No,Yes,Yes,Yes,Yes,Yes
MENLO PARK,San Mateo County,ABAG,01/01/2014-10/31/2022,01/31/2015 - 01/31/2023,in,,,,8 Year,,Yes     ,No     ,,,,No     ,,,,,Yes,Yes,Yes,Yes,Yes,Yes
MERCED,Merced County,Merced County Association of Governments,01/01/2014-12/31/2023,03/31/2016 - 03/31/2024,in,,,,8 Year,,Yes     ,No     ,,,,No     ,,,,Yes,No,No,No,No,Yes,Yes
MERCED COUNTY,Merced County,Merced County Association of Governments,01/01/2014-12/31/2023,03/31/2016 - 03/31/2024,in,Yes,3/31/17,6/7/17,8 Year,,Yes     ,Yes     ,974,48.7,Yes,No     ,,,,,No,Yes,Yes,Yes,Yes,Yes
MILL VALLEY,Marin County,ABAG,01/01/2014-10/31/2022,01/31/2015 - 01/31/2023,in,,,,8 Year,,Yes,No     ,,,,No     ,,,,,Yes,Yes,Yes,Yes,Yes,Yes
MILLBRAE,San Mateo County,ABAG,01/01/2014-10/31/2022,01/31/2015 - 01/31/2023,in,,,,8 Year,,Yes     ,No     ,,,,No     ,,,,,No,No,No,Yes,Yes,Yes
MILPITAS,Santa Clara County,ABAG,01/01/2014-10/31/2022,01/31/2015 - 01/31/2023,in,,,,8 Year,,Yes     ,No     ,,,,No     ,,,,,Yes,Yes,Yes,Yes,Yes,Yes
MISSION VIEJO,Orange County,SCAG,01/01/2014-10/31/2021,10/15/2013 - 10/15/2021,in,,,,8 Year,,Yes     ,No     ,,,,No     ,,,,,Yes,Yes,Yes,Yes,Yes,Yes
MODESTO,Stanislaus County,Stanislaus Council of Governments ,01/01/2014-09/30/2023,12/31/2015 - 12/31/2023,in,,,,8 Year,Yes,Yes     ,No     ,,,,No     ,,,,Yes,Yes,Yes,Yes,Yes,Yes,Yes
MODOC COUNTY,Modoc County,,01/01/2014-06/30/2019,06/30/2014 - 06/30/2019,in,,,,5 Year,,Yes,No,,,,No,,,,,No,No,No,No,No,No
MONO COUNTY,Mono County,,01/01/2014-06/30/2019,06/30/2014 - 06/30/2019,in,,,,5 Year,,Yes     ,No     ,,,,No     ,,,,,No,Yes,Yes,Yes,Yes,Yes
MONROVIA,Los Angeles County,SCAG,01/01/2014-10/31/2021,10/15/2013 - 10/15/2021,in,,,,8 Year,,Yes     ,No     ,,,,No     ,,,,,Yes,Yes,Yes,Yes,Yes,Yes
MONTAGUE,Siskiyou County,,01/01/2014-06/30/2019,06/30/2014 - 06/30/2019,in,,,,5 Year,,Yes     ,No     ,,,,No     ,,,,,No,No,No,No,Yes,Yes
MONTCLAIR,San Bernardino County,SCAG,01/01/2014-10/31/2021,10/15/2013 - 10/15/2021,in,,,,8 Year,,Yes,No     ,,,,No     ,,,,,Yes,Yes,Yes,Yes,Yes,Yes
MONTE SERENO,Santa Clara County,ABAG,01/01/2014-10/31/2022,01/31/2015 - 01/31/2023,in - conditional,Yes,"""early in the planning period""",,8 Year,,Yes     ,No     ,,,,No     ,,,,,Yes,Yes,Yes,Yes,Yes,Yes
MONTEBELLO,Los Angeles County,SCAG,01/01/2014-10/31/2021,10/15/2013 - 10/15/2021,out (draft),,,,8 year,Yes,Yes,Yes     ,147,7.4,,Yes,430,41,,,No,No,No,No,No,No
MONTEREY,Monterey County,AMBAG,01/01/2014-12/31/2023,12/31/2015 - 12/31/2023,in,,,,8 Year,,Yes,No     ,,,,No     ,,,,Yes,No,No,Yes,Yes,Yes,Yes
MONTEREY COUNTY,Monterey County,AMBAG,01/01/2014-12/31/2023,12/31/2015 - 12/31/2023,in,,,,8 Year,,Yes,No     ,,,,No     ,,,,,Yes,Yes,Yes,Yes,Yes,Yes
MONTEREY PARK,Los Angeles County,SCAG,01/01/2014-10/31/2021,10/15/2013 - 10/15/2021,in,,,,8 Year,,Yes     ,No     ,,,,No     ,,,,,No,No,No,No,Yes,Yes
MOORPARK,Ventura County,SCAG,01/01/2014-10/31/2021,10/15/2013 - 10/15/2021,in,,,,8 Year,,Yes     ,No     ,,,,No     ,,,,,Yes,Yes,Yes,Yes,Yes,Yes
MORAGA,Contra Costa County,ABAG,01/01/2014-10/31/2022,01/31/2015 - 01/31/2023,in,,,,8 Year,,Yes     ,No     ,,,,No     ,,,,,Yes,Yes,Yes,Yes,Yes,Yes
MORENO VALLEY,Riverside County,SCAG,01/01/2014-10/31/2021,10/15/2013 - 10/15/2021,in,,,,8 Year,,Yes     ,No     ,,,,No     ,,,,,No,Yes,Yes,Yes,Yes,Yes
MORGAN HILL,Santa Clara County,ABAG,01/01/2014-10/31/2022,01/31/2015 - 01/31/2023,in,,,,8 Year,,Yes     ,No     ,,,,No     ,,,,,Yes,Yes,Yes,Yes,Yes,Yes
MORRO BAY,San Luis Obispo County,SLOCOG,01/01/2014-06/30/2019,06/30/2014 - 06/30/2019,in,,,,5 Year,,Yes     ,No     ,,,,No     ,,,,,No,No,No,No,No,Yes
MOUNT SHASTA,Siskiyou County,,01/01/2014-06/30/2019,06/30/2014 - 06/30/2019,in,,,,5 Year,,Yes     ,No     ,,,,No     ,,,,,Yes,Yes,No,No,No,No
MOUNTAIN VIEW,Santa Clara County,ABAG,01/01/2014-10/31/2022,01/31/2015 - 01/31/2023,in,,,,8 Year,,Yes     ,No     ,,,,No     ,,,,Yes,Yes,Yes,Yes,Yes,Yes,Yes
MURRIETA,Riverside County,SCAG,01/01/2014-10/31/2021,10/15/2013 - 10/15/2021,in,,,,8 Year,,Yes     ,No     ,,,,No     ,,,,,Yes,Yes,Yes,Yes,Yes,Yes
NAPA,Napa County,ABAG,01/01/2014-10/31/2022,01/31/2015 - 01/31/2023,in,,,,8 Year,,Yes     ,No     ,,,,No     ,,,,Yes,Yes,Yes,Yes,Yes,Yes,Yes
NAPA COUNTY,Napa County,ABAG,01/01/2014-10/31/2022,01/31/2015 - 01/31/2023,in,,,,8 Year,,Yes     ,No     ,,,,No     ,,,,,Yes,Yes,Yes,Yes,Yes,Yes
NATIONAL CITY,San Diego County,SANDAG,01/01/2010-12/31/2020,04/30/2013 - 04/30/2021,in,,,,8 Year,,Yes     ,No     ,,,,No     ,,,,,Yes,Yes,Yes,Yes,Yes,Yes
NEEDLES,San Bernardino County,SCAG,01/01/2014-10/31/2021,10/15/2013 - 10/15/2021,out (due),,,,8 year,Yes,Unknown,Unknown   ,,,,Unknown,,,,Yes,Yes,Yes,Yes,Yes,Yes,Yes
NEVADA CITY,Nevada County,Sierra Planning Organization,01/01/2014-06/30/2019,06/30/2014 - 06/30/2019,in,,,,5 Year,,Yes     ,No     ,,,,No     ,,,,,No,No,No,No,No,Yes
NEVADA COUNTY,Nevada County,Sierra Planning Organization,01/01/2014-06/30/2019,06/30/2014 - 06/30/2019,in,Yes,6/30/15,10/12/18,5 Year,,Yes     ,Yes     ,699,43.7,Yes,No,,,,,Yes,Yes,Yes,Yes,Yes,Yes
NEWARK,Alameda County,ABAG,01/01/2014-10/31/2022,01/31/2015 - 01/31/2023,in,,,,8 Year,,Yes     ,No     ,,,,No     ,,,,,No,Yes,Yes,Yes,Yes,Yes
NEWMAN,Stanislaus County,Stanislaus Council of Governments ,01/01/2014-09/30/2023,12/31/2015 - 12/31/2023,in,,,,8 year,,Yes     ,No     ,,,,Yes     ,305,9,No,,No,No,No,No,No,No
NEWPORT BEACH,Orange County,SCAG,01/01/2014-10/31/2021,10/15/2013 - 10/15/2021,in,,,,8 Year,,Yes     ,No     ,,,,No     ,,,,Yes,Yes,Yes,Yes,Yes,Yes,Yes
NORCO,Riverside County,SCAG,01/01/2014-10/31/2021,10/15/2013 - 10/15/2021,in,,,,8 Year,,Yes     ,No     ,,,,No     ,,,,Yes,No,No,No,No,Yes,Yes
NORWALK,Los Angeles County,SCAG,01/01/2014-10/31/2021,10/15/2013 - 10/15/2021,in,,,,8 Year,,Yes     ,No     ,,,,No     ,,,,,Yes,Yes,Yes,Yes,Yes,Yes
NOVATO,Marin County,ABAG,01/01/2014-10/31/2022,01/31/2015 - 01/31/2023,in,,,,8 Year,,Yes     ,No     ,,,,No     ,,,,,Yes,Yes,Yes,Yes,Yes,Yes
OAKDALE,Stanislaus County,Stanislaus Council of Governments ,01/01/2014-09/30/2023,12/31/2015 - 12/31/2023,in,,,,8 Year,,Yes     ,No     ,,,,No     ,,,,,Yes,No,No,Yes,Yes,Yes
OAKLAND,Alameda County,ABAG,01/01/2014-10/31/2022,01/31/2015 - 01/31/2023,in,,,,8 Year,,Yes     ,No     ,,,,No     ,,,,Yes,Yes,Yes,Yes,Yes,Yes,Yes
OAKLEY,Contra Costa County,ABAG,01/01/2014-10/31/2022,01/31/2015 - 01/31/2023,in,,,,8 Year,,Yes     ,No     ,,,,No     ,,,,,Yes,Yes,Yes,Yes,Yes,Yes
OCEANSIDE,San Diego County,SANDAG,01/01/2010-12/31/2020,04/30/2013 - 04/30/2021,in,,,,8 Year,,Yes     ,No     ,,,,No     ,,,,Yes,Yes,Yes,Yes,Yes,Yes,Yes
OJAI,Ventura County,SCAG,01/01/2014-10/31/2021,10/15/2013 - 10/15/2021,in,,,,8 Year,,Yes     ,No     ,,,,No     ,,,,,Yes,No,Yes,Yes,Yes,No
ONTARIO,San Bernardino County,SCAG,01/01/2014-10/31/2021,10/15/2013 - 10/15/2021,in,,,,8 Year,,Yes     ,No     ,,,,Yes     ,1479,83,No,,Yes,Yes,Yes,Yes,Yes,Yes
ORANGE,Orange County,SCAG,01/01/2014-10/31/2021,10/15/2013 - 10/15/2021,in,,,,8 Year,,Yes     ,No     ,,,,No     ,,,,,Yes,Yes,Yes,Yes,Yes,Yes
ORANGE COUNTY,Orange County,SCAG,01/01/2014-10/31/2021,10/15/2013 - 10/15/2021,in,,,,8 Year,,Yes     ,No     ,,,,No     ,,,,,Yes,Yes,Yes,Yes,Yes,Yes
ORANGE COVE,Fresno County,Council of Fresno County Governments,01/01/2013-12/31/2023,12/31/2015 - 12/31/2023,in,,,,8 year,Yes,Yes,No,,,,Yes,197,10,No,,No,No,No,No,No,Yes
ORINDA,Contra Costa County,ABAG,01/01/2014-10/31/2022,01/31/2015 - 01/31/2023,in,,,,8 Year,,Yes     ,No     ,,,,No     ,,,,,Yes,Yes,Yes,Yes,Yes,Yes
ORLAND,Glenn County,,01/01/2014-06/30/2019,06/30/2014 - 06/30/2019,in,,,,5 Year,,Yes     ,No     ,,,,No     ,,,,,Yes,Yes,Yes,Yes,Yes,Yes
OROVILLE,Butte County,Butte County Association of Governments,01/01/2014-06/15/2022,06/15/2014 - 06/15/2022,in,,,,8 Year,,Yes     ,No     ,,,,No     ,,,,Yes,Yes,Yes,Yes,Yes,Yes,Yes
OXNARD,Ventura County,SCAG,01/01/2014-10/31/2021,10/15/2013 - 10/15/2021,in - conditional,Yes,12/31/18,,8 year,Yes,Yes     ,No     ,,,,No     ,,,,,Yes,Yes,Yes,Yes,Yes,Yes
PACIFIC GROVE,Monterey County,AMBAG,01/01/2014-12/31/2023,12/31/2015 - 12/31/2023,in,,,,8 Year,,Yes     ,No     ,,,,No     ,,,,Yes,No,Yes,Yes,Yes,Yes,No
PACIFICA,San Mateo County,ABAG,01/01/2014-10/31/2022,01/31/2015 - 01/31/2023,in,,,,8 Year,,Yes     ,No     ,,,,No     ,,,,,Yes,Yes,Yes,Yes,Yes,Yes
PALM DESERT,Riverside County,SCAG,01/01/2014-10/31/2021,10/15/2013 - 10/15/2021,in,,,,8 Year,,Yes     ,No     ,,,,No     ,,,,Yes,Yes,Yes,Yes,Yes,Yes,Yes
PALM SPRINGS,Riverside County,SCAG,01/01/2014-10/31/2021,10/15/2013 - 10/15/2021,in - conditional,Yes,12/31/15,,8 Year,,Yes     ,No     ,,,,No     ,,,,Yes,Yes,Yes,Yes,Yes,Yes,Yes
PALMDALE,Los Angeles County,SCAG,01/01/2014-10/31/2021,10/15/2013 - 10/15/2021,in,,,,8 Year,,Yes     ,No     ,,,,No     ,,,,Yes,Yes,Yes,Yes,No,Yes,Yes
PALO ALTO,Santa Clara County,ABAG,01/01/2014-10/31/2022,01/31/2015 - 01/31/2023,in,,,,8 Year,,Yes     ,No    ,,,,No     ,,,,Yes,Yes,Yes,Yes,Yes,Yes,Yes
PALOS VERDES ESTATES,Los Angeles County,SCAG,01/01/2014-10/31/2021,10/15/2013 - 10/15/2021,in,,,,8 Year,,Yes     ,No     ,,,,No     ,,,,,No,No,No,No,No,Yes
PARADISE,Butte County,Butte County Association of Governments,01/01/2014-06/15/2022,06/15/2014 - 06/15/2022,in,,,,8 Year,,Yes     ,No     ,,,,No     ,,,,,No,Yes,No,Yes,Yes,Yes
PARAMOUNT,Los Angeles County,SCAG,01/01/2014-10/31/2021,10/15/2013 - 10/15/2021,in,,,,8 Year,,Yes,Yes     ,404,,Yes,Yes     ,42,,Yes,,No,Yes,Yes,Yes,Yes,Yes
PARLIER,Fresno County,Council of Fresno County Governments,01/01/2013-12/31/2023,12/31/2015 - 12/31/2023,in ,,,,8 Year,,Yes     ,No     ,,,,Yes     ,61,5,No,,Yes,Yes,Yes,Yes,Yes,No
PASADENA,Los Angeles County,SCAG,01/01/2014-10/31/2021,10/15/2013 - 10/15/2021,in,,,,8 Year,,Yes     ,No     ,,,,No     ,,,,Yes,Yes,Yes,Yes,Yes,Yes,Yes
PASO ROBLES,San Luis Obispo County,SLOCOG,01/01/2014-06/30/2019,06/30/2014 - 06/30/2019,in,,,,5 Year,,Yes     ,No     ,,,,No     ,,,,,Yes,Yes,Yes,Yes,Yes,Yes
PATTERSON,Stanislaus County,Stanislaus Council of Governments ,01/01/2014-09/30/2023,12/31/2015 - 12/31/2023,in,,,,8 Year,,Yes     ,No     ,,,,Yes     ,496,~25,No,,No,No,No,No,No,No
PERRIS,Riverside County,SCAG,01/01/2014-10/31/2021,10/15/2013 - 10/15/2021,in,,,,8 Year,,Yes,No     ,,,,No     ,,,,,Yes,Yes,Yes,Yes,Yes,Yes
PETALUMA,Sonoma County,ABAG,01/01/2014-10/31/2022,01/31/2015 - 01/31/2023,in,,,,8 Year,,Yes     ,No     ,,,,No     ,,,,Yes,Yes,Yes,Yes,Yes,Yes,Yes
PICO RIVERA,Los Angeles County,SCAG,01/01/2014-10/31/2021,10/15/2013 - 10/15/2021,in,,,,8 Year,,Yes     ,Yes     ,345,,No,Yes     ,348,,No,,No,No,No,No,No,No
PIEDMONT,Alameda County,ABAG,01/01/2014-10/31/2022,01/31/2015 - 01/31/2023,in,,,,8 Year,,Yes     ,No     ,,,,No     ,,,,Yes,No,No,No,Yes,Yes,Yes
PINOLE,Contra Costa County,ABAG,01/01/2014-10/31/2022,01/31/2015 - 01/31/2023,in,,,,8 Year,,Yes     ,No     ,,,,No     ,,,,,Yes,Yes,Yes,Yes,Yes,Yes
PISMO BEACH,San Luis Obispo County,SLOCOG,01/01/2014-06/30/2019,06/30/2014 - 06/30/2019,out (draft),,,,5 Year,,Yes,Yes     ,26,,,Yes,59,,,,No,Yes,Yes,Yes,Yes,Yes
PITTSBURG,Contra Costa County,ABAG,01/01/2014-10/31/2022,01/31/2015 - 01/31/2023,in,,,,8 Year,,Yes     ,No     ,,,,No     ,,,,,Yes,Yes,Yes,Yes,Yes,Yes
PLACENTIA,Orange County,SCAG,01/01/2014-10/31/2021,10/15/2013 - 10/15/2021,in,,,,8 Year,,Yes     ,No     ,,,,No     ,,,,Yes,Yes,Yes,Yes,Yes,Yes,Yes
PLACER COUNTY,Placer County,SACOG,01/01/2013-10/31/2021,10/31/2013 - 10/31/2021,in,,,,8 year,,Yes     ,No     ,,,,No     ,,,,,Yes,Yes,Yes,Yes,Yes,Yes
PLACERVILLE,El Dorado County,SACOG,01/01/2013-10/31/2021,10/31/2013 - 10/31/2021,in,Yes,10/31/14,3/14/17,8 Year,,Yes     ,Yes     ,106,,Yes,Yes     ,133,,Yes,,Yes,Yes,Yes,Yes,Yes,Yes
PLEASANT HILL,Contra Costa County,ABAG,01/01/2014-10/31/2022,01/31/2015 - 01/31/2023,in,,,,8 Year,,Yes     ,No     ,,,,No     ,,,,,Yes,Yes,Yes,Yes,Yes,Yes
PLEASANTON,Alameda County,ABAG,01/01/2014-10/31/2022,01/31/2015 - 01/31/2023,in,,,,8 Year,,Yes     ,No     ,,,,No     ,,,,,Yes,Yes,Yes,Yes,Yes,Yes
PLUMAS COUNTY,Plumas County,,01/01/2014-06/30/2019,06/30/2014 - 06/30/2019,out (due),,,,5 Year,,Unknown,Unknown   ,,,,Unknown,,,,,No,No,No,Yes,Yes,Yes
PLYMOUTH,Amador County,,01/01/2014-06/30/2019,06/30/2014 - 06/30/2019,in,,,,5 Year,,Yes     ,Yes     ,26,1.63,Yes,No     ,,,,,No,No,No,No,Yes,No
POINT ARENA,Mendocino County,Mendocino Council of Governments ,01/01/2014-06/30/2019,06/30/2014 - 06/30/2019,in,,,,5 Year,,Yes     ,No     ,,,,No     ,,,,,Yes,Yes,Yes,Yes,Yes,Yes
POMONA,Los Angeles County,SCAG,01/01/2014-10/31/2021,10/15/2013 - 10/15/2021,out (adopted),,,,8 Year,,No (Program),No,,,,No,,,,Yes,No,No,No,No,No,No
PORT HUENEME,Ventura County,SCAG,01/01/2014-10/31/2021,10/15/2013 - 10/15/2021,in,,,,8 Year,,Yes     ,No     ,,,,No     ,,,,Yes,No,No,No,No,Yes,Yes
PORTERVILLE,Tulare County,Tulare County Association of Governments,01/01/2014-09/30/2023,12/31/2015 - 12/31/2023,in,,,,8 Year,,Yes     ,No     ,,,,No     ,,,,,Yes,Yes,Yes,Yes,Yes,No
PORTOLA,Plumas County,,01/01/2014-06/30/2019,06/30/2014 - 06/30/2019,in,,,,5 Year,,Yes,No,,,,No,,,,,No,No,No,No,No,No
PORTOLA VALLEY,San Mateo County,ABAG,01/01/2014-10/31/2022,01/31/2015 - 01/31/2023,in,,,,8 Year,,Yes     ,No     ,,,,No     ,,,,,No,No,Yes,Yes,Yes,Yes
POWAY,San Diego County,SANDAG,01/01/2010-12/31/2020,04/30/2013 - 04/30/2021,in,,,,8 Year,,Yes,No     ,,,,Yes     ,85,3.99,No,,Yes,Yes,Yes,Yes,Yes,Yes
RANCHO CORDOVA,Sacramento County,SACOG,01/01/2013-10/31/2021,10/31/2013 - 10/31/2021,in,,,,8 Year,,Yes     ,No     ,,,,No     ,,,,,Yes,Yes,Yes,Yes,Yes,Yes
RANCHO CUCAMONGA,San Bernardino County,SCAG,01/01/2014-10/31/2021,10/15/2013 - 10/15/2021,in,,,,8 Year,,Yes     ,No     ,,,,No     ,,,,,Yes,Yes,Yes,Yes,Yes,Yes
RANCHO MIRAGE,Riverside County,SCAG,01/01/2014-10/31/2021,10/15/2013 - 10/15/2021,in,,,,8 Year,,Yes     ,No     ,,,,No     ,,,,Yes,No,No,No,No,Yes,Yes
RANCHO PALOS VERDES,Los Angeles County,SCAG,01/01/2014-10/31/2021,10/15/2013 - 10/15/2021,in,,,,8 Year,,Yes     ,No     ,,,,No     ,,,,,Yes,Yes,Yes,Yes,Yes,Yes
RANCHO SANTA MARGARITA,Orange County,SCAG,01/01/2014-10/31/2021,10/15/2013 - 10/15/2021,in,,,,8 Year,,Yes     ,No     ,,,,No     ,,,,,Yes,Yes,Yes,Yes,Yes,Yes
RED BLUFF,Tehama County,,01/01/2014-06/30/2019,06/30/2014 - 06/30/2019,in,,,,5 Year,,Yes     ,No     ,,,,No     ,,,,,Yes,Yes,Yes,Yes,Yes,Yes
REDDING,Shasta County,,01/01/2014-06/30/2019,06/30/2014 - 06/30/2019,in,,,,5 Year,,Yes     ,No     ,,,,No     ,,,,,Yes,Yes,Yes,Yes,Yes,Yes
REDLANDS,San Bernardino County,SCAG,01/01/2014-10/31/2021,10/15/2013 - 10/15/2021,in,,,,8 Year,,Yes     ,No     ,,,,No     ,,,,,No,Yes,Yes,Yes,Yes,Yes
REDONDO BEACH,Los Angeles County,SCAG,01/01/2014-10/31/2021,10/15/2013 - 10/15/2021,in,,,,8 year,Yes,Yes,No     ,,,,No     ,,,,Yes,Yes,Yes,Yes,Yes,Yes,Yes
REDWOOD CITY,San Mateo County,ABAG,01/01/2014-10/31/2022,01/31/2015 - 01/31/2023,in,,,,8 Year,,Yes,No     ,,,,No     ,,,,Yes,Yes,Yes,Yes,Yes,Yes,Yes
REEDLEY,Fresno County,Council of Fresno County Governments,01/01/2013-12/31/2023,12/31/2015 - 12/31/2023,in,,,,8 Year,,Yes     ,No     ,,,,No     ,,,,,Yes,Yes,Yes,Yes,Yes,Yes
RIALTO,San Bernardino County,SCAG,01/01/2014-10/31/2021,10/15/2013 - 10/15/2021,out (due),,,,8 year,Yes,Yes,No,,,,No,,,,,Yes,Yes,Yes,Yes,Yes,No
RICHMOND,Contra Costa County,ABAG,01/01/2014-10/31/2022,01/31/2015 - 01/31/2023,in,,,,8 Year,,Yes     ,No     ,,,,No     ,,,,Yes,Yes,Yes,Yes,Yes,Yes,No
RIDGECREST,Kern County,KernCOG,01/01/2013-12/31/2023,12/31/2015 - 12/31/2023,in,,,,8 Year,,Yes     ,No     ,,,,No     ,,,,,No,No,No,No,No,No
RIO DELL,Humboldt County,Humboldt County Association of Governments,01/01/2014-06/30/2019,06/30/2014 - 06/30/2019,out (due),,,,5 Year,,Unknown,Unknown   ,,,,Unknown,,,,,No,No,No,No,No,Yes
RIO VISTA,Solano County,ABAG,01/01/2014-10/31/2022,01/31/2015 - 01/31/2023,in,,,,8 Year,,Yes     ,No     ,,,,No     ,,,,,No,No,Yes,Yes,Yes,Yes
RIPON,San Joaquin County,San Joaquin County Council of Governments ,01/01/2014-12/31/2023,12/31/2015 - 12/31/2023,in,,,,8 Year,,Yes     ,No     ,,,,No     ,,,,,No,No,No,No,No,No
RIVERBANK,Stanislaus County,Stanislaus Council of Governments ,01/01/2014-09/30/2023,12/31/2015 - 12/31/2023,in,Yes,12/31/16,5/21/18,8 Year,,Yes     ,Yes     ,17,,Yes,No     ,,,,,No,No,Yes,Yes,Yes,Yes
RIVERSIDE,Riverside County,SCAG,01/01/2014-10/31/2021,10/15/2013 - 10/15/2021,in,,,,8 year,Yes,Yes     ,No,,,,No,,,,Yes,No,No,No,Yes,Yes,Yes
RIVERSIDE COUNTY,Riverside County,SCAG,01/01/2014-10/31/2021,10/15/2013 - 10/15/2021,in,,,,8 year,Yes,Yes     ,Yes     ,14968,1393,Yes,Yes,12044,2372,Yes,,Yes,Yes,Yes,Yes,Yes,Yes
ROCKLIN,Placer County,SACOG,01/01/2013-10/31/2021,10/31/2013 - 10/31/2021,in,,,,8 Year,,Yes     ,No     ,,,,Yes     ,1769,261.4,No,,Yes,Yes,Yes,Yes,Yes,Yes
ROHNERT PARK,Sonoma County,ABAG,01/01/2014-10/31/2022,01/31/2015 - 01/31/2023,in,,,,8 Year,,Yes     ,No     ,,,,No     ,,,,,No,Yes,Yes,Yes,Yes,Yes
ROLLING HILLS,Los Angeles County,SCAG,01/01/2014-10/31/2021,10/15/2013 - 10/15/2021,out (adopted),,,,8 Year,,TBD,TBD,,,,TBD,,,,,No,No,No,No,No,No
ROLLING HILLS ESTATES,Los Angeles County,SCAG,01/01/2014-10/31/2021,10/15/2013 - 10/15/2021,in,,,,8 Year,,Yes     ,No     ,,,,No     ,,,,,No,No,No,No,Yes,Yes
ROSEMEAD,Los Angeles County,SCAG,01/01/2014-10/31/2021,10/15/2013 - 10/15/2021,in,,,,8 Year,,Yes     ,No     ,,,,No     ,,,,,Yes,Yes,Yes,Yes,Yes,Yes
ROSEVILLE,Placer County,SACOG,01/01/2013-10/31/2021,10/31/2013 - 10/31/2021,in,,,,8 Year,,Yes     ,No     ,,,,No     ,,,,Yes,Yes,Yes,Yes,Yes,Yes,Yes
ROSS,Marin County,ABAG,01/01/2014-10/31/2022,01/31/2015 - 01/31/2023,in,,,,8 Year,,Yes     ,No     ,,,,No     ,,,,,Yes,Yes,Yes,Yes,Yes,Yes
SACRAMENTO,Sacramento County,SACOG,01/01/2013-10/31/2021,10/31/2013 - 10/31/2021,in,,,,8 Year,,Yes     ,No     ,,,,No     ,,,,Yes,Yes,Yes,Yes,Yes,Yes,Yes
SACRAMENTO COUNTY,Sacramento County,SACOG,01/01/2013-10/31/2021,10/31/2013 - 10/31/2021,in,,,,8 Year,,Yes     ,No     ,,,,No     ,,,,,Yes,Yes,Yes,Yes,Yes,Yes
SAINT HELENA,Napa County,ABAG,01/01/2014-10/31/2022,01/31/2015 - 01/31/2023,in - conditional,Yes,5/31/16,,8 Year,,Yes     ,No     ,,,,No     ,,,,,Yes,Yes,Yes,Yes,Yes,Yes
SALINAS,Monterey County,AMBAG,01/01/2014-12/31/2023,12/31/2015 - 12/31/2023,in,,,,8 Year,,Yes     ,No     ,,,,No     ,,,,,Yes,Yes,Yes,Yes,Yes,Yes
SAN ANSELMO,Marin County,ABAG,01/01/2014-10/31/2022,01/31/2015 - 01/31/2023,in,,,,8 Year,,Yes     ,No     ,,,,No     ,,,,,Yes,Yes,Yes,Yes,Yes,Yes
SAN BENITO COUNTY,San Benito County,San Benito County Council of Governments,01/01/2014-12/31/2023,12/31/2015 - 12/31/2023,in - conditional,Yes,12/15/16,,8 Year,,Yes     ,Yes     ,646,10,Yes,No     ,,,,,Yes,Yes,Yes,Yes,Yes,Yes
SAN BERNARDINO,San Bernardino County,SCAG,01/01/2014-10/31/2021,10/15/2013 - 10/15/2021,in,,,,8 Year,,Yes     ,No     ,,,,No     ,,,,Yes,No,Yes,No,No,Yes,Yes
SAN BERNARDINO COUNTY,San Bernardino County,SCAG,01/01/2014-10/31/2021,10/15/2013 - 10/15/2021,in,,,,8 Year,,Yes     ,No     ,,,,No     ,,,,,Yes,Yes,Yes,Yes,Yes,Yes
SAN BRUNO,San Mateo County,ABAG,01/01/2014-10/31/2022,01/31/2015 - 01/31/2023,in,,,,8 Year,,Yes     ,No,,,,Yes     ,354,,No,,Yes,Yes,Yes,Yes,Yes,Yes
SAN BUENAVENTURA,Ventura County,SCAG,01/01/2014-10/31/2021,10/15/2013 - 10/15/2021,in,,,,8 Year,,Yes     ,No     ,,,,No     ,,,,Yes,#N/A,#N/A,#N/A,#N/A,#N/A,#N/A
SAN CARLOS,San Mateo County,ABAG,01/01/2014-10/31/2022,01/31/2015 - 01/31/2023,in,,,,8 Year,,Yes     ,No     ,,,,No     ,,,,,No,Yes,No,Yes,Yes,Yes
SAN CLEMENTE,Orange County,SCAG,01/01/2014-10/31/2021,10/15/2013 - 10/15/2021,in - conditional,Yes,12/31/18,,8 year,Yes,Yes,No     ,,,,No,,,,,Yes,Yes,Yes,Yes,Yes,Yes
SAN DIEGO,San Diego County,SANDAG,01/01/2010-12/31/2020,04/30/2013 - 04/30/2021,in,,,,8 Year,,Yes     ,No     ,,,,No     ,,,,Yes,Yes,Yes,Yes,Yes,Yes,Yes
SAN DIEGO COUNTY,San Diego County,SANDAG,01/01/2010-12/31/2020,04/30/2013 - 04/30/2021,in,,,,8 year,Yes,Yes     ,No     ,,,,No     ,,,,,Yes,Yes,Yes,Yes,Yes,Yes
SAN DIMAS,Los Angeles County,SCAG,01/01/2014-10/31/2021,10/15/2013 - 10/15/2021,in,,,,8 Year,,Yes     ,No     ,,,,No     ,,,,,Yes,Yes,Yes,Yes,Yes,Yes
SAN FERNANDO,Los Angeles County,SCAG,01/01/2014-10/31/2021,10/15/2013 - 10/15/2021,in,,,,8 Year,,Yes     ,No     ,,,,No     ,,,,,Yes,Yes,Yes,Yes,Yes,Yes
SAN FRANCISCO,San Francisco County,ABAG,01/01/2014-10/31/2022,01/31/2015 - 01/31/2023,in,,,,8 Year,,Yes     ,No     ,,,,No     ,,,,Yes,Yes,Yes,Yes,Yes,Yes,Yes
SAN GABRIEL,Los Angeles County,SCAG,01/01/2014-10/31/2021,10/15/2013 - 10/15/2021,in,,,,8 Year,,Yes     ,No     ,,,,No     ,,,,,Yes,Yes,Yes,Yes,Yes,Yes
SAN JACINTO,Riverside County,SCAG,01/01/2014-10/31/2021,10/15/2013 - 10/15/2021,in,,,,8 Year,,Yes     ,No     ,,,,No      ,,,,,Yes,Yes,No,Yes,Yes,Yes
SAN JOAQUIN,Fresno County,Council of Fresno County Governments,01/01/2013-12/31/2023,12/31/2015 - 12/31/2023,in,,,,8 Year,,Yes     ,No     ,,,,No     ,,,,,No,No,No,No,No,Yes
SAN JOAQUIN COUNTY,San Joaquin County,San Joaquin County Council of Governments ,01/01/2014-12/31/2023,12/31/2015 - 12/31/2023,in ,,,,8 Year,,Yes     ,No     ,,,,No     ,,,,,No,No,Yes,Yes,Yes,Yes
SAN JOSE,Santa Clara County,ABAG,01/01/2014-10/31/2022,01/31/2015 - 01/31/2023,in,,,,8 Year,,Yes     ,No     ,,,,No     ,,,,Yes,Yes,Yes,Yes,Yes,Yes,Yes
SAN JUAN BAUTISTA,San Benito County,San Benito County Council of Governments,01/01/2014-12/31/2023,12/31/2015 - 12/31/2023,out (draft),,,,8 year,Yes,No (Program),No,,,,Yes,12,,No,,No,No,No,No,No,Yes
SAN JUAN CAPISTRANO,Orange County,SCAG,01/01/2014-10/31/2021,10/15/2013 - 10/15/2021,in,,,,8 Year,,Yes     ,No     ,,,,No,,,,,Yes,Yes,Yes,Yes,Yes,Yes
SAN LEANDRO,Alameda County,ABAG,01/01/2014-10/31/2022,01/31/2015 - 01/31/2023,in,,,,8 Year,,Yes     ,No     ,,,,No     ,,,,Yes,Yes,Yes,Yes,Yes,Yes,Yes
SAN LUIS OBISPO,San Luis Obispo County,SLOCOG,01/01/2014-06/30/2019,06/30/2014 - 06/30/2019,in,,,,5 Year,,Yes     ,No     ,,,,No     ,,,,Yes,Yes,Yes,Yes,Yes,Yes,Yes
SAN LUIS OBISPO COUNTY,San Luis Obispo County,SLOCOG,01/01/2014-06/30/2019,06/30/2014 - 06/30/2019,in,,,,5 Year,,Yes     ,No     ,,,,No     ,,,,,Yes,Yes,Yes,Yes,Yes,Yes
SAN MARCOS,San Diego County,SANDAG,01/01/2010-12/31/2020,04/30/2013 - 04/30/2021,in,,,,8 Year,,Yes     ,No     ,,,,No     ,,,,Yes,Yes,Yes,Yes,Yes,Yes,Yes
SAN MARINO,Los Angeles County,SCAG,01/01/2014-10/31/2021,10/15/2013 - 10/15/2021,in,,,,8 Year,,Yes     ,No     ,,,,No     ,,,,,No,No,Yes,Yes,Yes,Yes
SAN MATEO,San Mateo County,ABAG,01/01/2014-10/31/2022,01/31/2015 - 01/31/2023,in,,,,8 Year,,Yes     ,No     ,,,,No     ,,,,Yes,Yes,Yes,Yes,Yes,Yes,Yes
SAN MATEO COUNTY,San Mateo County,ABAG,01/01/2014-10/31/2022,01/31/2015 - 01/31/2023,in,,,,8 Year,,Yes     ,No     ,,,,No     ,,,,,No,No,Yes,Yes,Yes,Yes
SAN PABLO,Contra Costa County,ABAG,01/01/2014-10/31/2022,01/31/2015 - 01/31/2023,in,,,,8 Year,,Yes     ,No     ,,,,No     ,,,,,No,Yes,Yes,Yes,Yes,Yes
SAN RAFAEL,Marin County,ABAG,01/01/2014-10/31/2022,01/31/2015 - 01/31/2023,in,,,,8 Year,,Yes     ,No     ,,,,No     ,,,,Yes,No,Yes,Yes,Yes,Yes,Yes
SAN RAMON,Contra Costa County,ABAG,01/01/2014-10/31/2022,01/31/2015 - 01/31/2023,in,,,,8 Year,,Yes     ,No     ,,,,No     ,,,,Yes,No,Yes,Yes,Yes,Yes,Yes
SAND CITY,Monterey County,AMBAG,01/01/2014-12/31/2023,12/31/2015 - 12/31/2023,in - conditional,Yes,12/15/16,6/6/19,8 Year,,Yes     ,Yes     ,41,~3,Yes,No     ,,,,Yes,No,No,No,No,No,Yes
SANGER,Fresno County,Council of Fresno County Governments,01/01/2013-12/31/2023,12/31/2015 - 12/31/2023,in - conditional,Yes,42735,,8 Year,,Yes     ,Yes     ,796,,No,Yes     ,284,14.2,No,,No,No,No,Yes,No,No
SANTA ANA,Orange County,SCAG,01/01/2014-10/31/2021,10/15/2013 - 10/15/2021,in,Yes,10/15/14,5/22/18,8 Year,,Yes     ,Yes     ,201,10.1,Yes,No     ,,,,Yes,Yes,Yes,Yes,Yes,Yes,Yes
SANTA BARBARA,Santa Barbara County,Santa Barbara Council of Governments,01/01/2014-09/30/2022,02/15/2015 - 02/15/2023,in,,,,8 Year,,Yes     ,No     ,,,,No     ,,,,Yes,Yes,Yes,Yes,Yes,Yes,Yes
SANTA BARBARA COUNTY,Santa Barbara County,Santa Barbara Council of Governments,01/01/2014-09/30/2022,02/15/2015 - 02/15/2023,in,,,,8 Year,,Yes     ,No     ,,,,No     ,,,,,Yes,Yes,Yes,Yes,Yes,Yes
SANTA CLARA,Santa Clara County,ABAG,01/01/2014-10/31/2022,01/31/2015 - 01/31/2023,in,,,,8 Year,,Yes     ,No     ,,,,No     ,,,,Yes,Yes,No,Yes,Yes,Yes,Yes
SANTA CLARA COUNTY,Santa Clara County,ABAG,01/01/2014-10/31/2022,01/31/2015 - 01/31/2023,in,,,,8 Year,,Yes     ,No     ,,,,No     ,,,,,Yes,Yes,Yes,Yes,Yes,Yes
SANTA CLARITA,Los Angeles County,SCAG,01/01/2014-10/31/2021,10/15/2013 - 10/15/2021,in,,,,8 year,,Yes     ,No     ,,,,No     ,,,,,No,Yes,Yes,Yes,Yes,Yes
SANTA CRUZ,Santa Cruz County,AMBAG,01/01/2014-12/31/2023,12/31/2015 - 12/31/2023,in,,,,8 Year,,Yes     ,No     ,,,,No     ,,,,Yes,Yes,Yes,Yes,Yes,Yes,Yes
SANTA CRUZ COUNTY,Santa Cruz County,AMBAG,01/01/2014-12/31/2023,12/31/2015 - 12/31/2023,in,,,,8 Year,,Yes     ,No     ,,,,No     ,,,,,Yes,Yes,Yes,Yes,Yes,Yes
SANTA FE SPRINGS,Los Angeles County,SCAG,01/01/2014-10/31/2021,10/15/2013 - 10/15/2021,in,,,,8 Year,,Yes     ,No     ,,,,No     ,,,,,Yes,Yes,Yes,Yes,Yes,Yes
SANTA MARIA,Santa Barbara County,Santa Barbara Council of Governments,01/01/2014-09/30/2022,02/15/2015 - 02/15/2023,in,,,,8 Year,,Yes     ,No     ,,,,No     ,,,,Yes,Yes,Yes,Yes,Yes,Yes,Yes
SANTA MONICA,Los Angeles County,SCAG,01/01/2014-10/31/2021,10/15/2013 - 10/15/2021,in,,,,8 Year,,Yes     ,No     ,,,,No     ,,,,Yes,Yes,Yes,Yes,Yes,Yes,Yes
SANTA PAULA,Ventura County,SCAG,01/01/2014-10/31/2021,10/15/2013 - 10/15/2021,in,,,,8 Year,,Yes     ,No     ,,,,No     ,,,,,Yes,No,No,No,Yes,Yes
SANTA ROSA,Sonoma County,ABAG,01/01/2014-10/31/2022,01/31/2015 - 01/31/2023,in,,,,8 Year,,Yes     ,No,,,,No     ,,,,Yes,Yes,Yes,Yes,Yes,Yes,No
SANTEE,San Diego County,SANDAG,01/01/2010-12/31/2020,04/30/2013 - 04/30/2021,in,,,,8 Year,,Yes     ,No     ,,,,No     ,,,,Yes,Yes,Yes,Yes,Yes,Yes,Yes
SARATOGA,Santa Clara County,ABAG,01/01/2014-10/31/2022,01/31/2015 - 01/31/2023,in,,,,8 Year,,Yes     ,No     ,,,,No     ,,,,,No,No,Yes,Yes,Yes,Yes
SAUSALITO,Marin County,ABAG,01/01/2014-10/31/2022,01/31/2015 - 01/31/2023,in,,,,8 Year,,Yes     ,No     ,,,,No     ,,,,,Yes,Yes,Yes,Yes,Yes,Yes
SCOTTS VALLEY,Santa Cruz County,AMBAG,01/01/2014-12/31/2023,12/31/2015 - 12/31/2023,in,,,,8 Year,,Yes     ,No     ,,,,No     ,,,,,No,No,Yes,Yes,Yes,Yes
SEAL BEACH,Orange County,SCAG,01/01/2014-10/31/2021,10/15/2013 - 10/15/2021,in,,,,8 Year,,Yes,No     ,,,,No     ,,,,Yes,No,No,No,No,No,Yes
SEASIDE,Monterey County,AMBAG,01/01/2014-12/31/2023,12/31/2015 - 12/31/2023,out (draft),,,,8 year,Yes,Unknown,Unknown   ,,,,Unknown,,,,,Yes,Yes,Yes,Yes,Yes,Yes
SEBASTOPOL,Sonoma County,ABAG,01/01/2014-10/31/2022,01/31/2015 - 01/31/2023,in,,,,8 Year,,Yes     ,No     ,,,,No     ,,,,,Yes,Yes,Yes,Yes,Yes,Yes
SELMA,Fresno County,Council of Fresno County Governments,01/01/2013-12/31/2023,12/31/2015 - 12/31/2023,out (adopted),Yes,42735,,8 Year,,Yes     ,Yes     ,169,8.5,No,No     ,,,,,No,No,Yes,Yes,Yes,No
SHAFTER,Kern County,KernCOG,01/01/2013-12/31/2023,12/31/2015 - 12/31/2023,in,,,,8 Year,,Yes     ,No     ,,,,No     ,,,,Yes,No,No,No,No,No,No
SHASTA COUNTY,Shasta County,,01/01/2014-06/30/2019,06/30/2014 - 06/30/2019,in,,,,5 Year,,Yes,No,,,,Yes,197,9.85,No,,No,No,No,No,Yes,Yes
SHASTA LAKE,Shasta County,,01/01/2014-06/30/2019,06/30/2014 - 06/30/2019,in,,,,5 Year,,Yes,No,,,,No,,,,,Yes,Yes,Yes,Yes,Yes,Yes
SIERRA COUNTY,Sierra County,Sierra Planning Organization,01/01/2014-06/30/2019,06/30/2014 - 06/30/2019,in,,,,5 Year,,Yes,No,,,,No,,,,,No,No,No,No,No,No
SIERRA MADRE,Los Angeles County,SCAG,01/01/2014-10/31/2021,10/15/2013 - 10/15/2021,in,,,,8 Year,,Yes     ,No     ,,,,No     ,,,,,No,Yes,Yes,Yes,Yes,Yes
SIGNAL HILL,Los Angeles County,SCAG,01/01/2014-10/31/2021,10/15/2013 - 10/15/2021,in,,,,8 Year,,Yes     ,No     ,,,,No     ,,,,Yes,Yes,Yes,Yes,Yes,Yes,Yes
SIMI VALLEY,Ventura County,SCAG,01/01/2014-10/31/2021,10/15/2013 - 10/15/2021,in,,,,8 Year,,Yes     ,No     ,,,,No     ,,,,,Yes,Yes,Yes,Yes,Yes,Yes
SISKIYOU COUNTY,Siskiyou County,,01/01/2014-06/30/2019,06/30/2014 - 06/30/2019,in,,,,5 Year,,Yes     ,No     ,,,,No     ,,,,,No,Yes,No,No,No,No
SOLANA BEACH,San Diego County,SANDAG,01/01/2010-12/31/2020,04/30/2013 - 04/30/2021,in,,,,8 Year,,Yes     ,No     ,,,,No     ,,,,,Yes,Yes,Yes,Yes,Yes,Yes
SOLANO COUNTY,Solano County,ABAG,01/01/2014-10/31/2022,01/31/2015 - 01/31/2023,in,,,,8 Year,,Yes     ,No     ,,,,No     ,,,,,No,Yes,Yes,Yes,Yes,Yes
SOLEDAD,Monterey County,AMBAG,01/01/2014-12/31/2023,12/31/2015 - 12/31/2023,in,,,,8 year,Yes,Yes,No,,,,No,,,,,No,No,Yes,Yes,Yes,Yes
SOLVANG,Santa Barbara County,Santa Barbara Council of Governments,01/01/2014-09/30/2022,02/15/2015 - 02/15/2023,in,,,,8 Year,,Yes     ,No     ,,,,No     ,,,,Yes,No,No,Yes,Yes,Yes,Yes
SONOMA,Sonoma County,ABAG,01/01/2014-10/31/2022,01/31/2015 - 01/31/2023,in,,,,8 Year,,Yes     ,No     ,,,,No     ,,,,,No,No,No,Yes,Yes,Yes
SONOMA COUNTY,Sonoma County,ABAG,01/01/2014-10/31/2022,01/31/2015 - 01/31/2023,in,,,,8 Year,,Yes     ,No     ,,,,No     ,,,,,Yes,Yes,Yes,Yes,Yes,Yes
SONORA,Tuolumne County,,01/01/2014-06/30/2019,06/30/2014 - 06/30/2019,in,,,,5 Year,,Yes     ,No     ,,,,No     ,,,,,Yes,Yes,Yes,Yes,Yes,Yes
SOUTH EL MONTE,Los Angeles County,SCAG,01/01/2014-10/31/2021,10/15/2013 - 10/15/2021,out (adopted),,,,8 year,Yes,Yes     ,Yes     ,43,,Yes,Yes,35,,Yes,,Yes,Yes,Yes,Yes,Yes,Yes
SOUTH GATE,Los Angeles County,SCAG,01/01/2014-10/31/2021,10/15/2013 - 10/15/2021,in,,,,8 Year,,Yes     ,No     ,,,,No     ,,,,,No,Yes,Yes,Yes,Yes,Yes
SOUTH LAKE TAHOE,El Dorado County,SACOG,01/01/2013-10/31/2021,10/31/2013 - 10/31/2021,in,,,,8 Year,,Yes     ,No     ,,,,No     ,,,,,No,No,No,No,Yes,Yes
SOUTH PASADENA,Los Angeles County,SCAG,01/01/2014-10/31/2021,10/15/2013 - 10/15/2021,in,,,,8 Year,,Yes     ,No     ,,,,No     ,,,,,Yes,Yes,Yes,Yes,Yes,Yes
SOUTH SAN FRANCISCO,San Mateo County,ABAG,01/01/2014-10/31/2022,01/31/2015 - 01/31/2023,in,,,,8 Year,,Yes     ,No     ,,,,No     ,,,,,Yes,Yes,Yes,Yes,Yes,Yes
STANISLAUS COUNTY,Stanislaus County,Stanislaus Council of Governments ,01/01/2014-09/30/2023,12/31/2015 - 12/31/2023,in,,,,8 Year,,Yes     ,No     ,,,,No     ,,,,,Yes,Yes,Yes,Yes,Yes,Yes
STANTON,Orange County,SCAG,01/01/2014-10/31/2021,10/15/2013 - 10/15/2021,in,,,,8 Year,,Yes     ,No     ,,,,No     ,,,,,No,Yes,Yes,Yes,Yes,Yes
STOCKTON,San Joaquin County,San Joaquin County Council of Governments ,01/01/2014-12/31/2023,12/31/2015 - 12/31/2023,in,,,,8 Year,,Yes     ,No     ,,,,No     ,,,,Yes,No,No,No,No,Yes,Yes
SUISUN CITY,Solano County,ABAG,01/01/2014-10/31/2022,01/31/2015 - 01/31/2023,in,,,,8 Year,,Yes     ,No     ,,,,No     ,,,,,Yes,Yes,Yes,Yes,Yes,Yes
SUNNYVALE,Santa Clara County,ABAG,01/01/2014-10/31/2022,01/31/2015 - 01/31/2023,in,,,,8 Year,,Yes     ,No     ,,,,No     ,,,,Yes,Yes,Yes,Yes,Yes,Yes,Yes
SUSANVILLE,Lassen County,,01/01/2014-06/30/2019,06/30/2014 - 06/30/2019,in,,,,5 Year,,Yes     ,No     ,,,,No     ,,,,,No,No,No,No,No,No
SUTTER COUNTY,Sutter County,SACOG,01/01/2013-10/31/2021,10/31/2013 - 10/31/2021,in,,,,8 Year,,Yes     ,Yes     ,,9.41,Yes,Yes     ,33,4.14,Yes,,Yes,Yes,Yes,Yes,Yes,Yes
SUTTER CREEK,Amador County,,01/01/2014-06/30/2019,06/30/2014 - 06/30/2019,in,,,,5 Year,,Yes     ,No     ,,,,No     ,,,,,Yes,Yes,Yes,Yes,Yes,No
TAFT,Kern County,KernCOG,01/01/2013-12/31/2023,12/31/2015 - 12/31/2023,in,,,,8 Year,,Yes     ,No     ,,,,No     ,,,,,Yes,Yes,Yes,Yes,Yes,Yes
TEHACHAPI,Kern County,KernCOG,01/01/2013-12/31/2023,12/31/2015 - 12/31/2023,in,,,,8 Year,,Yes     ,No     ,,,,No     ,,,,,No,No,No,No,No,Yes
TEHAMA,Tehama County,,01/01/2014-06/30/2019,06/30/2014 - 06/30/2019,in,,,,5 Year,,Yes     ,No     ,,,,No     ,,,,,Yes,No,No,No,Yes,Yes
TEHAMA COUNTY,Tehama County,,01/01/2014-06/30/2019,06/30/2014 - 06/30/2019,in,,,,5 Year,,Yes     ,No     ,,,,No     ,,,,,No,Yes,No,Yes,Yes,Yes
TEMECULA,Riverside County,SCAG,01/01/2014-10/31/2021,10/15/2013 - 10/15/2021,in,,,,8 Year,,Yes     ,Yes     ,2007,~100,Yes,No     ,,,,,Yes,Yes,Yes,Yes,Yes,Yes
TEMPLE CITY,Los Angeles County,SCAG,01/01/2014-10/31/2021,10/15/2013 - 10/15/2021,in,,,,8 Year,,Yes     ,No     ,,,,No     ,,,,Yes,No,No,No,No,Yes,Yes
THOUSAND OAKS,Ventura County,SCAG,01/01/2014-10/31/2021,10/15/2013 - 10/15/2021,in,,,,8 Year,,Yes     ,No     ,,,,No     ,,,,,Yes,Yes,Yes,Yes,Yes,Yes
TIBURON,Marin County,ABAG,01/01/2014-10/31/2022,01/31/2015 - 01/31/2023,in,,,,8 Year,,Yes     ,No     ,,,,No     ,,,,,Yes,Yes,Yes,Yes,Yes,Yes
TORRANCE,Los Angeles County,SCAG,01/01/2014-10/31/2021,10/15/2013 - 10/15/2021,in,,,,8 Year,,Yes     ,No     ,,,,No     ,,,,Yes,No,Yes,Yes,Yes,Yes,Yes
TRACY,San Joaquin County,San Joaquin County Council of Governments ,01/01/2014-12/31/2023,12/31/2015 - 12/31/2023,in,,,,8 Year,,Yes     ,No     ,,,,Yes     ,506,,No,,No,No,Yes,Yes,Yes,Yes
TRINIDAD,Humboldt County,Humboldt County Association of Governments,01/01/2014-06/30/2019,06/30/2014 - 06/30/2019,out (due),,,,5 Year,,Unknown,Unknown   ,,,,Unknown,,,,,No,No,No,No,No,No
TRINITY COUNTY,Trinity County,,01/01/2014-06/30/2019,06/30/2014 - 06/30/2019,in,,,,5 Year,,Yes     ,No     ,,,,No     ,,,,,No,No,No,No,No,No
TRUCKEE,Nevada County,Sierra Planning Organization,01/01/2014-06/30/2019,06/30/2014 - 06/30/2019,in,Yes,6/30/15,12/3/18,5 Year,,Yes     ,Yes     ,304,,yes,Yes     ,83,,Yes,Yes,Yes,Yes,Yes,Yes,Yes,Yes
TULARE,Tulare County,Tulare County Association of Governments,01/01/2014-09/30/2023,12/31/2015 - 12/31/2023,in - conditional,Yes,12/31/16,,8 Year,,Yes     ,Yes     ,969,,No,Yes     ,1010,,No,Yes,No,Yes,Yes,Yes,Yes,Yes
TULARE COUNTY,Tulare County,Tulare County Association of Governments,01/01/2014-09/30/2023,12/31/2015 - 12/31/2023,in,,,,8 Year,,Yes     ,No     ,,,,No     ,,,,,Yes,Yes,Yes,Yes,Yes,Yes
TULELAKE,Siskiyou County,,01/01/2014-06/30/2019,06/30/2014 - 06/30/2019,in,,,,5 Year,,Yes     ,No     ,,,,No     ,,,,,No,No,No,No,No,Yes
TUOLUMNE COUNTY,Tuolumne County,,01/01/2014-06/30/2019,06/30/2014 - 06/30/2019,in,,,,5 Year,,Yes     ,No     ,,,,No     ,,,,,Yes,Yes,Yes,Yes,Yes,Yes
TURLOCK,Stanislaus County,Stanislaus Council of Governments ,01/01/2014-09/30/2023,12/31/2015 - 12/31/2023,in,,,,8 Year,,Yes     ,No     ,,,,No     ,,,,,Yes,Yes,Yes,Yes,Yes,No
TUSTIN,Orange County,SCAG,01/01/2014-10/31/2021,10/15/2013 - 10/15/2021,in,,,,8 Year,,Yes,No     ,,,,No     ,,,,,Yes,Yes,Yes,Yes,Yes,Yes
TWENTYNINE PALMS,San Bernardino County,SCAG,01/01/2014-10/31/2021,10/15/2013 - 10/15/2021,in,Yes,10/15/14,5/21/18,8 Year,,Yes     ,Yes     ,1182,,Yes,No     ,,,,,No,Yes,Yes,Yes,Yes,Yes
UKIAH,Mendocino County,Mendocino Council of Governments ,01/01/2014-06/30/2019,06/30/2014 - 06/30/2019,in,,,,5 Year,,Yes     ,No     ,,,,No     ,,,,,Yes,Yes,Yes,Yes,Yes,Yes
UNION CITY,Alameda County,ABAG,01/01/2014-10/31/2022,01/31/2015 - 01/31/2023,in,Yes,1/31/16,5/11/18,8 year,,Yes     ,Yes     ,84,,Yes,Yes     ,70,,Yes,,Yes,Yes,Yes,Yes,Yes,Yes
UPLAND,San Bernardino County,SCAG,01/01/2014-10/31/2021,10/15/2013 - 10/15/2021,in,,,,8 Year,,Yes     ,No     ,,,,No     ,,,,,Yes,No,Yes,Yes,Yes,Yes
VACAVILLE,Solano County,ABAG,01/01/2014-10/31/2022,01/31/2015 - 01/31/2023,in,,,,8 Year,,Yes     ,No     ,,,,No     ,,,,,No,Yes,Yes,Yes,Yes,Yes
VALLEJO,Solano County,ABAG,01/01/2014-10/31/2022,01/31/2015 - 01/31/2023,in,,,,8 Year,,Yes     ,No     ,,,,No     ,,,,Yes,No,No,No,Yes,Yes,Yes
VENTURA COUNTY,Ventura County,SCAG,01/01/2014-10/31/2021,10/15/2013 - 10/15/2021,in,,,,8 Year,,Yes     ,No     ,,,,No     ,,,,,Yes,Yes,Yes,Yes,Yes,Yes
VERNON,Los Angeles County,SCAG,01/01/2014-10/31/2021,10/15/2013 - 10/15/2021,in,,,,8 Year,,Yes     ,No     ,,,,No     ,,,,Yes,No,No,No,No,No,Yes
VICTORVILLE,San Bernardino County,SCAG,01/01/2014-10/31/2021,10/15/2013 - 10/15/2021,in - conditional,Yes,9/30/15,,8 year,,Yes     ,No     ,,,,No     ,,,,Yes,No,No,No,No,Yes,Yes
VILLA PARK,Orange County,SCAG,01/01/2014-10/31/2021,10/15/2013 - 10/15/2021,in,,,,8 year,Yes,Yes     ,Yes     ,3,,Yes,Yes     ,5,,Yes,,No,No,No,No,Yes,Yes
VISALIA,Tulare County,Tulare County Association of Governments,01/01/2014-09/30/2023,12/31/2015 - 12/31/2023,in,,,,8 year,Yes,Yes     ,No     ,,,,No     ,,,,Yes,Yes,Yes,Yes,Yes,Yes,Yes
VISTA,San Diego County,SANDAG,01/01/2010-12/31/2020,04/30/2013 - 04/30/2021,in,,,,8 Year,,Yes     ,No     ,,,,No     ,,,,Yes,Yes,Yes,Yes,Yes,Yes,Yes
WALNUT,Los Angeles County,SCAG,01/01/2014-10/31/2021,10/15/2013 - 10/15/2021,in,,,,8 Year,,Yes     ,No     ,,,,No     ,,,,,No,Yes,No,Yes,Yes,Yes
WALNUT CREEK,Contra Costa County,ABAG,01/01/2014-10/31/2022,01/31/2015 - 01/31/2023,in,,,,8 Year,,Yes     ,No     ,,,,No     ,,,,,Yes,No,No,Yes,Yes,Yes
WASCO,Kern County,KernCOG,01/01/2013-12/31/2023,12/31/2015 - 12/31/2023,in,,,,8 Year,,Yes     ,No     ,,,,No     ,,,,,Yes,No,Yes,Yes,Yes,Yes
WATERFORD,Stanislaus County,Stanislaus Council of Governments ,01/01/2014-09/30/2023,12/31/2015 - 12/31/2023,in,,,,8 Year,,Yes     ,Yes     ,141,,Yes,No,,,,,No,No,No,No,No,Yes
WATSONVILLE,Santa Cruz County,AMBAG,01/01/2014-12/31/2023,12/31/2015 - 12/31/2023,in,,,,8 year,,Yes,No,,,,No,,,,Yes,No,No,No,Yes,Yes,Yes
WEED,Siskiyou County,,01/01/2014-06/30/2019,06/30/2014 - 06/30/2019,in,,,,5 Year,,Yes     ,No     ,,,,No     ,,,,,No,No,No,No,No,Yes
WEST COVINA,Los Angeles County,SCAG,01/01/2014-10/31/2021,10/15/2013 - 10/15/2021,in,,,,8 Year,,Yes     ,No     ,,,,No     ,,,,,Yes,Yes,Yes,Yes,Yes,Yes
WEST HOLLYWOOD,Los Angeles County,SCAG,01/01/2014-10/31/2021,10/15/2013 - 10/15/2021,in,,,,8 Year,,Yes     ,No     ,,,,No     ,,,,,Yes,Yes,Yes,Yes,Yes,Yes
WEST SACRAMENTO,Yolo County,SACOG,01/01/2013-10/31/2021,10/31/2013 - 10/31/2021,in,,,,8 Year,,Yes     ,No     ,,,,No     ,,,,,Yes,Yes,Yes,Yes,Yes,Yes
WESTLAKE VILLAGE,Los Angeles County,SCAG,01/01/2014-10/31/2021,10/15/2013 - 10/15/2021,out (adopted),,,,8 Year,,Yes     ,No     ,,,,Yes     ,42,,No,,No,No,No,No,Yes,Yes
WESTMINSTER,Orange County,SCAG,01/01/2014-10/31/2021,10/15/2013 - 10/15/2021,in,,,,8 Year,,Yes     ,No     ,,,,No     ,,,,,No,Yes,Yes,Yes,Yes,Yes
WESTMORLAND,Imperial County,SCAG,01/01/2014-10/31/2021,10/15/2013 - 10/15/2021,out (adopted),,,,8 year,Yes,Yes     ,Yes     ,103,,No,Yes     ,92,,No,,Yes,Yes,Yes,Yes,Yes,Yes
WHEATLAND,Yuba County,SACOG,01/01/2013-10/31/2021,10/31/2013 - 10/31/2021,out (draft),,,,8 year,Yes,Unknown,Unknown   ,343,,,Unknown,186,,,,No,No,No,No,Yes,No
WHITTIER,Los Angeles County,SCAG,01/01/2014-10/31/2021,10/15/2013 - 10/15/2021,in,,,,8 Year,,Yes     ,No     ,,,,No     ,,,,Yes,Yes,Yes,Yes,Yes,Yes,Yes
WILDOMAR,Riverside County,SCAG,01/01/2014-10/31/2021,10/15/2013 - 10/15/2021,in,,,,8 Year,,Yes    ,Yes     ,538,,Yes,Yes,521,25.96,Yes,,No,Yes,Yes,Yes,Yes,Yes
WILLIAMS,Colusa County,,01/01/2014-06/30/2019,06/30/2014 - 06/30/2019,in,,,,5 Year,,Yes     ,No     ,,,,No     ,,,,,No,No,No,No,No,No
WILLITS,Mendocino County,Mendocino Council of Governments ,01/01/2014-06/30/2019,06/30/2014 - 06/30/2019,in,,,,5 Year,,Yes,No,,,,No,,,,,No,No,No,No,No,Yes
WILLOWS,Glenn County,,01/01/2014-06/30/2019,06/30/2014 - 06/30/2019,in - conditional,Yes,10/31/15,,5 Year,,Yes     ,No     ,,,,No     ,,,,,No,Yes,Yes,Yes,Yes,Yes
WINDSOR,Sonoma County,ABAG,01/01/2014-10/31/2022,01/31/2015 - 01/31/2023,in,,,,8 Year,,Yes     ,No     ,,,,No     ,,,,,Yes,Yes,Yes,Yes,Yes,Yes
WINTERS,Yolo County,SACOG,01/01/2013-10/31/2021,10/31/2013 - 10/31/2021,in,,,,8 Year,,Yes     ,No     ,,,,No     ,,,,,Yes,Yes,Yes,Yes,Yes,Yes
WOODLAKE,Tulare County,Tulare County Association of Governments,01/01/2014-09/30/2023,12/31/2015 - 12/31/2023,in,,,,8 year,Yes,Yes     ,No     ,,,,No     ,,,,Yes,Yes,Yes,Yes,Yes,Yes,Yes
WOODLAND,Yolo County,SACOG,01/01/2013-10/31/2021,10/31/2013 - 10/31/2021,in,,,,8 Year,,Yes     ,No     ,,,,Yes     ,230,5,Yes,,Yes,Yes,Yes,Yes,Yes,Yes
WOODSIDE,San Mateo County,ABAG,01/01/2014-10/31/2022,01/31/2015 - 01/31/2023,in,,,,8 Year,,Yes     ,No     ,,,,No     ,,,,,No,Yes,Yes,Yes,Yes,Yes
YOLO COUNTY,Yolo County,SACOG,01/01/2013-10/31/2021,10/31/2013 - 10/31/2021,in,,,,8 Year,,Yes     ,No     ,,,,No     ,,,,,No,Yes,Yes,Yes,Yes,Yes
YORBA LINDA,Orange County,SCAG,01/01/2014-10/31/2021,10/15/2013 - 10/15/2021,in,,,,8 Year,,Yes     ,No     ,,,,No     ,,,,,No,Yes,Yes,Yes,Yes,Yes
YOUNTVILLE,Napa County,ABAG,01/01/2014-10/31/2022,01/31/2015 - 01/31/2023,in,,,,8 Year,,Yes     ,No     ,,,,No     ,,,,,No,No,Yes,Yes,Yes,Yes
YREKA,Siskiyou County,,01/01/2014-06/30/2019,06/30/2014 - 06/30/2019,in,,,,5 Year,,Yes     ,No     ,,,,No     ,,,,,Yes,Yes,Yes,Yes,Yes,Yes
YUBA CITY,Sutter County,SACOG,01/01/2013-10/31/2021,10/31/2013 - 10/31/2021,in,,,,8 Year,,Yes     ,No     ,,,,No     ,,,,,Yes,Yes,Yes,Yes,Yes,No
YUBA COUNTY,Yuba County,SACOG,01/01/2013-10/31/2021,10/31/2013 - 10/31/2021,in,,,,8 Year,,Yes     ,No     ,,,,No     ,,,,,Yes,No,No,No,No,No
YUCAIPA,San Bernardino County,SCAG,01/01/2014-10/31/2021,10/15/2013 - 10/15/2021,in,,,,8 Year,,Yes     ,No     ,,,,No     ,,,,,Yes,Yes,Yes,Yes,Yes,Yes
YUCCA VALLEY,San Bernardino County,SCAG,01/01/2014-10/31/2021,10/15/2013 - 10/15/2021,in,,,,8 Year,,Yes     ,No     ,,,,No     ,,,,,Yes,Yes,Yes,Yes,Yes,Yes